{"type":"FeatureCollection","features":[
{"type":"Feature","id":19,"geometry":{"type":"LineString","coordinates":[[-73.140435,-37.056],[-73.140437,-37.05599],[-73.140452,-37.055931],[-73.140466,-37.055895],[-73.14049,-37.055855],[-73.140523,-37.055814],[-73.140542,-37.055795],[-73.140599,-37.055747],[-73.140636,-37.05571],[-73.140666,-37.055676],[-73.140694,-37.055637],[-73.140727,-37.055585],[-73.140754,-37.055539],[-73.140784,-37.055481],[-73.140813,-37.055421],[-73.140837,-37.055366],[-73.140857,-37.055312],[-73.140879,-37.055244],[-73.1409,-37.055169],[-73.140924,-37.055071],[-73.140957,-37.054918],[-73.140984,-37.054764],[-73.140994,-37.054621],[-73.140998,-37.054586],[-73.141008,-37.054478],[-73.141026,-37.054321],[-73.141043,-37.054199],[-73.141067,-37.054071],[-73.141103,-37.053907],[-73.141141,-37.053748],[-73.141174,-37.053622],[-73.141212,-37.053499],[-73.14127,-37.05333],[-73.141318,-37.053194],[-73.141365,-37.053069],[-73.141425,-37.052911],[-73.141466,-37.052819],[-73.141506,-37.052738],[-73.141533,-37.052688],[-73.141562,-37.052643],[-73.141591,-37.052605],[-73.141633,-37.052559],[-73.141698,-37.052497],[-73.141782,-37.052422],[-73.141815,-37.052395],[-73.141847,-37.052373],[-73.141917,-37.052329],[-73.141995,-37.052289],[-73.142025,-37.052277],[-73.142098,-37.052251],[-73.142132,-37.052236],[-73.142179,-37.052206],[-73.142239,-37.052158],[-73.142296,-37.05211],[-73.142328,-37.052075],[-73.142344,-37.052051],[-73.142357,-37.052022],[-73.142388,-37.051926],[-73.142404,-37.051868],[-73.142435,-37.051718],[-73.142446,-37.051678],[-73.142468,-37.0516],[-73.142495,-37.051516],[-73.142536,-37.051408],[-73.142554,-37.051371],[-73.142572,-37.051338],[-73.142597,-37.051299],[-73.142622,-37.051265],[-73.142647,-37.051234],[-73.142673,-37.051207],[-73.142718,-37.051168],[-73.142786,-37.051117],[-73.14287,-37.051061],[-73.142947,-37.051016],[-73.142997,-37.050992],[-73.143048,-37.050969],[-73.143099,-37.050919],[-73.143144,-37.050867],[-73.143165,-37.050835],[-73.143203,-37.050772],[-73.143248,-37.050702],[-73.143268,-37.050665],[-73.143295,-37.050603],[-73.143316,-37.050534],[-73.143329,-37.050467],[-73.14334,-37.050373],[-73.143345,-37.050286],[-73.143346,-37.050183],[-73.143334,-37.049986],[-73.143333,-37.049909],[-73.143334,-37.049754],[-73.143334,-37.049594],[-73.14334,-37.049386],[-73.143346,-37.049231],[-73.14335,-37.04908],[-73.143358,-37.048979],[-73.14337,-37.048868],[-73.143385,-37.048759],[-73.143405,-37.048636],[-73.143453,-37.048404],[-73.143512,-37.048124],[-73.143561,-37.047742],[-73.143603,-37.047442],[-73.143632,-37.047164],[-73.143668,-37.046828],[-73.143682,-37.046634],[-73.143689,-37.046464],[-73.14369,-37.046367],[-73.143689,-37.046172],[-73.143692,-37.045986],[-73.143689,-37.045893],[-73.143682,-37.045818],[-73.143673,-37.045745],[-73.143661,-37.045675],[-73.143646,-37.045608],[-73.143625,-37.04552],[-73.143611,-37.045468],[-73.143594,-37.045421],[-73.143575,-37.045379],[-73.143556,-37.045348],[-73.143555,-37.045345],[-73.143534,-37.045314],[-73.143468,-37.045229],[-73.1434,-37.045154],[-73.143304,-37.045058],[-73.143161,-37.04493],[-73.143137,-37.044907],[-73.14308,-37.044852],[-73.143025,-37.044794],[-73.14296,-37.044717],[-73.142911,-37.044651],[-73.142881,-37.044604],[-73.14288,-37.044603],[-73.142856,-37.044561],[-73.142835,-37.044519],[-73.142818,-37.04448],[-73.142806,-37.044441],[-73.142795,-37.044398],[-73.142775,-37.044266],[-73.142763,-37.044157],[-73.142754,-37.04403],[-73.142751,-37.043892],[-73.142754,-37.043752],[-73.142762,-37.043635],[-73.142775,-37.043509],[-73.142793,-37.043381],[-73.142811,-37.043281],[-73.142828,-37.043209],[-73.142868,-37.043066],[-73.142903,-37.042923],[-73.142925,-37.042852],[-73.142953,-37.042774],[-73.142969,-37.042734],[-73.142989,-37.042698],[-73.143011,-37.042667],[-73.143036,-37.042638],[-73.143057,-37.042617],[-73.143077,-37.0426],[-73.143097,-37.042588],[-73.143118,-37.04258],[-73.143144,-37.042574],[-73.143236,-37.042565],[-73.143268,-37.04256],[-73.143335,-37.042544],[-73.143375,-37.042531],[-73.143398,-37.04252],[-73.143422,-37.042505],[-73.143482,-37.04246],[-73.143522,-37.042427],[-73.14355,-37.042401],[-73.143573,-37.042376],[-73.143589,-37.042353],[-73.143602,-37.042326],[-73.143611,-37.042296],[-73.143618,-37.042261],[-73.143625,-37.042203],[-73.143628,-37.042167],[-73.143629,-37.042128],[-73.143625,-37.042031],[-73.143614,-37.041924],[-73.143606,-37.041883],[-73.143596,-37.041846],[-73.143582,-37.041807],[-73.143564,-37.041766],[-73.143541,-37.041721],[-73.143511,-37.041667],[-73.143508,-37.041663],[-73.14348,-37.041619],[-73.143441,-37.041567],[-73.143341,-37.041476],[-73.143195,-37.041369],[-73.143116,-37.04128],[-73.14303,-37.041152],[-73.142966,-37.041059],[-73.142895,-37.040952],[-73.142892,-37.040947],[-73.142831,-37.040848],[-73.14283,-37.040848],[-73.142763,-37.040766],[-73.142706,-37.040695],[-73.142631,-37.040606],[-73.142574,-37.040541],[-73.142491,-37.040445],[-73.142434,-37.040399],[-73.142342,-37.040334],[-73.142274,-37.040299],[-73.142185,-37.04027],[-73.142092,-37.040245],[-73.141985,-37.040227],[-73.141899,-37.040213],[-73.14181,-37.040199],[-73.141713,-37.040184],[-73.141556,-37.04017],[-73.141442,-37.040174],[-73.141335,-37.040195],[-73.141235,-37.040231],[-73.141099,-37.040291],[-73.140982,-37.040338],[-73.140821,-37.040363],[-73.140668,-37.040359],[-73.140503,-37.040338],[-73.140339,-37.040299],[-73.140207,-37.040249],[-73.140122,-37.04022],[-73.140022,-37.040231],[-73.13995,-37.040291],[-73.139911,-37.040363],[-73.13989,-37.04042],[-73.139886,-37.040495],[-73.139904,-37.040584],[-73.139979,-37.040773],[-73.140036,-37.040912],[-73.140118,-37.04113],[-73.140175,-37.041305],[-73.140225,-37.041419],[-73.140273,-37.041512],[-73.140275,-37.041516],[-73.140339,-37.041587],[-73.140425,-37.041644],[-73.140493,-37.041698],[-73.140544,-37.04176],[-73.140546,-37.041762],[-73.140589,-37.041855],[-73.140593,-37.041958],[-73.140546,-37.042055],[-73.140446,-37.042155],[-73.140383,-37.042248],[-73.14033,-37.042373],[-73.140289,-37.042511],[-73.140241,-37.04267],[-73.140196,-37.042815],[-73.140157,-37.04294],[-73.140122,-37.043065],[-73.140086,-37.043218],[-73.140072,-37.043365],[-73.140091,-37.043503],[-73.140123,-37.043609],[-73.14017,-37.043719],[-73.140204,-37.043789],[-73.140205,-37.043791],[-73.140273,-37.043887],[-73.140355,-37.043969],[-73.140388,-37.044012],[-73.140391,-37.044015],[-73.140412,-37.044094],[-73.140387,-37.044176],[-73.14032,-37.044233],[-73.14022,-37.044255],[-73.140105,-37.044255],[-73.139923,-37.044222],[-73.139727,-37.044169],[-73.139584,-37.044108],[-73.139456,-37.044037],[-73.139356,-37.043948],[-73.13927,-37.043823],[-73.13927,-37.043821],[-73.139192,-37.043658],[-73.13919,-37.043656],[-73.13912,-37.043566],[-73.139017,-37.043462],[-73.138871,-37.043352],[-73.138756,-37.043277],[-73.138592,-37.043205],[-73.138485,-37.043148],[-73.138396,-37.043084],[-73.13831,-37.042998],[-73.13822,-37.042871],[-73.13822,-37.042869],[-73.138107,-37.042639],[-73.138104,-37.042634],[-73.137977,-37.042431],[-73.137816,-37.042247],[-73.137643,-37.042086],[-73.137405,-37.041902],[-73.137239,-37.041741],[-73.137096,-37.041551],[-73.136959,-37.04139],[-73.136823,-37.041301],[-73.136662,-37.041253],[-73.136501,-37.041223],[-73.136353,-37.041176],[-73.136263,-37.041116],[-73.136156,-37.041057],[-73.136073,-37.040991],[-73.135936,-37.040926],[-73.135781,-37.040878],[-73.135615,-37.040878],[-73.13552,-37.040938],[-73.135478,-37.041039],[-73.135448,-37.041212],[-73.135431,-37.041396],[-73.135425,-37.041539],[-73.135419,-37.04186],[-73.135425,-37.042062],[-73.135425,-37.042235],[-73.13546,-37.042443],[-73.135525,-37.042613],[-73.135526,-37.042615],[-73.135663,-37.042776],[-73.135787,-37.042877],[-73.135996,-37.043091],[-73.136136,-37.043296],[-73.136138,-37.0433],[-73.136234,-37.043502],[-73.136323,-37.043746],[-73.136341,-37.043912],[-73.136323,-37.044067],[-73.136287,-37.044198],[-73.13621,-37.044299],[-73.136067,-37.044358],[-73.135912,-37.044341],[-73.135734,-37.044228],[-73.135547,-37.04408],[-73.135366,-37.043966],[-73.135128,-37.043861],[-73.134867,-37.043775],[-73.134638,-37.043737],[-73.134368,-37.043725],[-73.134111,-37.043746],[-73.133862,-37.043782],[-73.133612,-37.043824],[-73.133455,-37.043874],[-73.133319,-37.043917],[-73.133176,-37.04391],[-73.133062,-37.043817],[-73.133061,-37.043814],[-73.133019,-37.043682],[-73.133076,-37.043496],[-73.133169,-37.043332],[-73.133226,-37.043118],[-73.133255,-37.042889],[-73.133248,-37.042668],[-73.133191,-37.042475],[-73.133076,-37.04229],[-73.133076,-37.04229],[-73.132884,-37.042083],[-73.132662,-37.041904],[-73.13242,-37.041761],[-73.132077,-37.041612],[-73.131691,-37.041505],[-73.131285,-37.041447],[-73.13092,-37.04144],[-73.130592,-37.041497],[-73.130214,-37.041619],[-73.129935,-37.041719],[-73.129607,-37.041847],[-73.129321,-37.041926],[-73.12905,-37.041976],[-73.128693,-37.042004],[-73.128401,-37.042018],[-73.128022,-37.042011],[-73.127704,-37.04203],[-73.127471,-37.042069],[-73.127262,-37.042135],[-73.12709,-37.042211],[-73.12691,-37.04223],[-73.126738,-37.042168],[-73.126591,-37.042016],[-73.126472,-37.041859],[-73.12647,-37.041856],[-73.126338,-37.041616],[-73.126191,-37.041326],[-73.126147,-37.041222],[-73.126079,-37.041047],[-73.126029,-37.040903],[-73.125986,-37.040741],[-73.125962,-37.040589],[-73.125962,-37.040446],[-73.126005,-37.040322],[-73.12612,-37.040194],[-73.126262,-37.040098],[-73.126353,-37.040017],[-73.126433,-37.039906],[-73.12649,-37.03972],[-73.126511,-37.039463],[-73.126493,-37.039233],[-73.126447,-37.039035],[-73.126369,-37.03882],[-73.126276,-37.038642],[-73.126204,-37.038506],[-73.126154,-37.038356],[-73.126112,-37.038214],[-73.126097,-37.038064],[-73.126107,-37.037846],[-73.126125,-37.03765],[-73.126161,-37.037454],[-73.126226,-37.03718],[-73.126315,-37.036734],[-73.126381,-37.036537],[-73.126461,-37.036294],[-73.126538,-37.036139],[-73.126621,-37.035978],[-73.126728,-37.035734],[-73.126817,-37.035592],[-73.126954,-37.035449],[-73.127091,-37.03533],[-73.127252,-37.035223],[-73.1274,-37.035151],[-73.127666,-37.035044],[-73.127837,-37.034992],[-73.128075,-37.034916],[-73.128203,-37.034854],[-73.128308,-37.034802],[-73.128365,-37.034764],[-73.128413,-37.034692],[-73.128441,-37.034592],[-73.128465,-37.034464],[-73.128499,-37.034335],[-73.12857,-37.034208],[-73.128659,-37.034118],[-73.128796,-37.034047],[-73.128978,-37.033999],[-73.129106,-37.03397],[-73.129248,-37.03394],[-73.129474,-37.033913],[-73.129626,-37.033901],[-73.12981,-37.03391],[-73.130019,-37.033925],[-73.1302,-37.033919],[-73.130346,-37.033904],[-73.13048,-37.033886],[-73.130599,-37.033863],[-73.130783,-37.0338],[-73.130905,-37.033756],[-73.130994,-37.033732],[-73.1311,-37.033711],[-73.131249,-37.033688],[-73.131348,-37.033679],[-73.131491,-37.033662],[-73.131578,-37.033644],[-73.131585,-37.033642],[-73.131649,-37.033622],[-73.131727,-37.033595],[-73.131801,-37.033559],[-73.131879,-37.033513],[-73.131923,-37.033471],[-73.13197,-37.033418],[-73.132012,-37.03334],[-73.132046,-37.033224],[-73.132069,-37.0331],[-73.132069,-37.032972],[-73.132054,-37.032856],[-73.132033,-37.032752],[-73.131991,-37.032596],[-73.131972,-37.032489],[-73.131967,-37.032409],[-73.131976,-37.032318],[-73.131997,-37.032232],[-73.132033,-37.032144],[-73.132089,-37.032064],[-73.132164,-37.031977],[-73.132256,-37.031897],[-73.132339,-37.031822],[-73.132405,-37.031748],[-73.132446,-37.031673],[-73.132482,-37.031581],[-73.132527,-37.031454],[-73.132613,-37.031224],[-73.132693,-37.03106],[-73.132771,-37.030921],[-73.132854,-37.03082],[-73.132979,-37.030727],[-73.133113,-37.030659],[-73.133241,-37.030615],[-73.133383,-37.030582],[-73.133508,-37.030565],[-73.133657,-37.030567],[-73.133794,-37.030582],[-73.133948,-37.030609],[-73.134088,-37.030651],[-73.134192,-37.030692],[-73.134282,-37.030731],[-73.134341,-37.030776],[-73.134436,-37.030835],[-73.134481,-37.030868],[-73.134549,-37.030911],[-73.134576,-37.030918],[-73.1346,-37.030921],[-73.134637,-37.03092],[-73.134674,-37.030914],[-73.134707,-37.030905],[-73.134733,-37.030893],[-73.134749,-37.030879],[-73.134763,-37.030861],[-73.134799,-37.030788],[-73.134817,-37.030752],[-73.134834,-37.030712],[-73.134876,-37.030588],[-73.1349,-37.030508],[-73.134942,-37.03035],[-73.135037,-37.030007],[-73.135101,-37.029761],[-73.135152,-37.029551],[-73.135195,-37.029347],[-73.135256,-37.029037],[-73.135312,-37.02875],[-73.135342,-37.02858],[-73.135368,-37.028372],[-73.13538,-37.028294],[-73.135399,-37.028198],[-73.135422,-37.028103],[-73.135441,-37.028002],[-73.135451,-37.027976],[-73.135463,-37.027954],[-73.13548,-37.027933],[-73.135502,-37.027912],[-73.13553,-37.027889],[-73.135564,-37.027865],[-73.135617,-37.027833],[-73.135677,-37.027805],[-73.135735,-37.027785],[-73.135814,-37.027764],[-73.135867,-37.027751],[-73.13592,-37.027741],[-73.135975,-37.027733],[-73.136029,-37.027727],[-73.136084,-37.027723],[-73.13614,-37.02772],[-73.136197,-37.02772],[-73.136254,-37.027722],[-73.136551,-37.027662],[-73.136765,-37.027625],[-73.136849,-37.027609],[-73.136997,-37.027575],[-73.13715,-37.027535],[-73.137264,-37.027502],[-73.13745,-37.027442],[-73.137628,-37.027383],[-73.137706,-37.027359],[-73.137853,-37.02732],[-73.138021,-37.027282],[-73.138119,-37.027262],[-73.13813,-37.02726],[-73.138245,-37.02724],[-73.138367,-37.027221],[-73.138499,-37.027203],[-73.138616,-37.027189],[-73.138731,-37.027177],[-73.138844,-37.027168],[-73.138956,-37.02716],[-73.139094,-37.027154],[-73.139233,-37.027151],[-73.139372,-37.02715],[-73.139509,-37.027153],[-73.139709,-37.027162],[-73.13979,-37.027167],[-73.139865,-37.027175],[-73.140007,-37.027194],[-73.140204,-37.027228],[-73.140392,-37.027265],[-73.140579,-37.027305],[-73.140687,-37.02731],[-73.140769,-37.027311],[-73.140852,-37.02731],[-73.141059,-37.027299],[-73.141147,-37.027295],[-73.141198,-37.027295],[-73.141261,-37.027298],[-73.141305,-37.027302],[-73.141359,-37.027313],[-73.141405,-37.027327],[-73.141447,-37.027346],[-73.141483,-37.027367],[-73.141516,-37.027392],[-73.141555,-37.027431],[-73.14158,-37.027458],[-73.141598,-37.027481],[-73.14161,-37.0275],[-73.14161,-37.027501],[-73.141633,-37.027545],[-73.141708,-37.027674],[-73.141744,-37.027731],[-73.141744,-37.027732],[-73.141769,-37.027766],[-73.141803,-37.027807],[-73.14184,-37.027847],[-73.141958,-37.027929],[-73.142079,-37.02801],[-73.142257,-37.028129],[-73.142312,-37.028162],[-73.142364,-37.028188],[-73.142437,-37.028218],[-73.142518,-37.028246],[-73.142608,-37.028271],[-73.142709,-37.028295],[-73.142783,-37.028309],[-73.142865,-37.028321],[-73.142956,-37.028332],[-73.143078,-37.028343],[-73.143208,-37.028352],[-73.143326,-37.028358],[-73.143436,-37.028359],[-73.143539,-37.028357],[-73.143683,-37.028351],[-73.143768,-37.028345],[-73.143844,-37.028334],[-73.143911,-37.028319],[-73.143977,-37.028297],[-73.144043,-37.02827],[-73.144109,-37.028237],[-73.144173,-37.0282],[-73.144216,-37.02817],[-73.14426,-37.028133],[-73.1443,-37.028095],[-73.144399,-37.027998],[-73.144501,-37.027898],[-73.144602,-37.027794],[-73.144703,-37.027684],[-73.144803,-37.027569],[-73.144884,-37.02747],[-73.145081,-37.027215],[-73.145189,-37.027084],[-73.145481,-37.026737],[-73.145775,-37.026367],[-73.145845,-37.026283],[-73.145909,-37.026208],[-73.146026,-37.026077],[-73.146111,-37.025986],[-73.146191,-37.025904],[-73.146267,-37.025832],[-73.146352,-37.025758],[-73.146451,-37.025678],[-73.146558,-37.025596],[-73.146754,-37.025452],[-73.146981,-37.025289],[-73.147309,-37.025063],[-73.147388,-37.025011],[-73.147636,-37.024853],[-73.147712,-37.0248],[-73.147778,-37.02475],[-73.147826,-37.024709],[-73.147879,-37.024662],[-73.148063,-37.024488],[-73.148119,-37.024435],[-73.148167,-37.024386],[-73.148246,-37.024306],[-73.148304,-37.024249],[-73.148369,-37.024192],[-73.148432,-37.024143],[-73.148533,-37.024073],[-73.148574,-37.024047],[-73.148613,-37.024025],[-73.148663,-37.024001],[-73.148716,-37.023978],[-73.148773,-37.023956],[-73.148832,-37.023935],[-73.148896,-37.023916],[-73.148962,-37.023899],[-73.14903,-37.023885],[-73.149099,-37.023873],[-73.149151,-37.023867],[-73.149211,-37.023863],[-73.149401,-37.02386],[-73.149467,-37.023858],[-73.149726,-37.02384],[-73.149821,-37.023832],[-73.149907,-37.023822],[-73.150034,-37.023804],[-73.150153,-37.023784],[-73.150265,-37.023763],[-73.150371,-37.023739],[-73.150487,-37.023707],[-73.150613,-37.023668],[-73.15075,-37.02362],[-73.150936,-37.02355],[-73.151127,-37.023474],[-73.151364,-37.023372],[-73.151519,-37.023301],[-73.151823,-37.023158],[-73.152138,-37.023014],[-73.15222,-37.022975],[-73.152292,-37.022938],[-73.152377,-37.022891],[-73.152462,-37.022843],[-73.152632,-37.022739],[-73.152715,-37.022684],[-73.152804,-37.022622],[-73.153048,-37.022442],[-73.153236,-37.022299],[-73.153375,-37.022188],[-73.153399,-37.022168],[-73.15354,-37.022047],[-73.153696,-37.021903],[-73.153816,-37.021784],[-73.15397,-37.021623],[-73.154093,-37.02149],[-73.154214,-37.021355],[-73.154294,-37.021235],[-73.154367,-37.021113],[-73.154417,-37.021016],[-73.154481,-37.020879],[-73.15453,-37.020766],[-73.154629,-37.020522],[-73.154755,-37.020227],[-73.154807,-37.020099],[-73.154915,-37.019812],[-73.154956,-37.019709],[-73.15505,-37.019495],[-73.155096,-37.019399],[-73.155141,-37.019309],[-73.155213,-37.019175],[-73.155281,-37.019057],[-73.155347,-37.018949],[-73.155414,-37.01885],[-73.155467,-37.018777],[-73.155527,-37.018699],[-73.155688,-37.018505],[-73.155752,-37.01843],[-73.155827,-37.018348],[-73.156104,-37.018053],[-73.156305,-37.017833],[-73.156413,-37.01772],[-73.156495,-37.017638],[-73.156679,-37.017464],[-73.156758,-37.017387],[-73.156807,-37.01734],[-73.156924,-37.017233],[-73.156975,-37.017183],[-73.157028,-37.017123],[-73.157049,-37.017094],[-73.157068,-37.017065],[-73.157088,-37.017028],[-73.157107,-37.016989],[-73.157124,-37.016949],[-73.157139,-37.016909],[-73.157151,-37.016867],[-73.157161,-37.016826],[-73.157169,-37.016785],[-73.157175,-37.016744],[-73.157178,-37.016665],[-73.157174,-37.016583],[-73.15716,-37.016502],[-73.157139,-37.016423],[-73.157124,-37.016383],[-73.157107,-37.016343],[-73.157086,-37.016302],[-73.157062,-37.016261],[-73.157062,-37.01626],[-73.157062,-37.01626],[-73.157035,-37.016218],[-73.157005,-37.016176],[-73.156937,-37.01609],[-73.156884,-37.016032],[-73.156824,-37.015975],[-73.156758,-37.015919],[-73.156687,-37.015864],[-73.156591,-37.015797],[-73.156501,-37.015742],[-73.156414,-37.015697],[-73.156372,-37.015678],[-73.15633,-37.015661],[-73.156261,-37.015639],[-73.156181,-37.015619],[-73.156092,-37.015602],[-73.155949,-37.015578],[-73.155844,-37.015563],[-73.155734,-37.015549],[-73.155619,-37.015539],[-73.155497,-37.015531],[-73.155405,-37.015527],[-73.155302,-37.015526],[-73.154974,-37.015531],[-73.154625,-37.015541],[-73.154498,-37.015542],[-73.154296,-37.015545],[-73.15421,-37.015544],[-73.154123,-37.01554],[-73.154046,-37.015531],[-73.153891,-37.015505],[-73.153835,-37.015493],[-73.153785,-37.01548],[-73.153739,-37.015465],[-73.153697,-37.015449],[-73.153661,-37.015431],[-73.153629,-37.015412],[-73.153594,-37.015382],[-73.15356,-37.015343],[-73.153532,-37.015303],[-73.153532,-37.015302],[-73.153471,-37.015206],[-73.153439,-37.015162],[-73.15336,-37.015063],[-73.153325,-37.015022],[-73.153287,-37.014981],[-73.153249,-37.014948],[-73.153173,-37.014891],[-73.153104,-37.014847],[-73.153071,-37.014829],[-73.153038,-37.014815],[-73.153006,-37.014802],[-73.152975,-37.014793],[-73.152939,-37.014785],[-73.152901,-37.014778],[-73.152862,-37.014774],[-73.152822,-37.014771],[-73.152784,-37.01477],[-73.152746,-37.014772],[-73.152711,-37.014776],[-73.152677,-37.014781],[-73.15264,-37.014792],[-73.152601,-37.01481],[-73.152563,-37.014831],[-73.152464,-37.014895],[-73.152433,-37.014911],[-73.152404,-37.014924],[-73.152314,-37.014957],[-73.152251,-37.014977],[-73.152194,-37.01499],[-73.152142,-37.014995],[-73.152103,-37.014995],[-73.152062,-37.014992],[-73.15202,-37.014987],[-73.151978,-37.014978],[-73.151938,-37.014968],[-73.151899,-37.014955],[-73.151864,-37.01494],[-73.151833,-37.014924],[-73.151818,-37.014914],[-73.151805,-37.014902],[-73.15178,-37.014871],[-73.151779,-37.014871],[-73.15176,-37.014838],[-73.151719,-37.014756],[-73.151718,-37.014755],[-73.151718,-37.014755],[-73.151696,-37.01472],[-73.151671,-37.014693],[-73.151657,-37.014682],[-73.151642,-37.014674],[-73.1516,-37.014656],[-73.151553,-37.014642],[-73.151539,-37.014639],[-73.151502,-37.014632],[-73.151452,-37.014626],[-73.151387,-37.014626],[-73.151324,-37.014632],[-73.151295,-37.014638],[-73.151269,-37.014645],[-73.151246,-37.014653],[-73.151226,-37.014662],[-73.151209,-37.014673],[-73.151194,-37.014686],[-73.15118,-37.014702],[-73.151166,-37.014721],[-73.151145,-37.014759],[-73.151095,-37.014864],[-73.15106,-37.014936],[-73.150996,-37.015094],[-73.150964,-37.015162],[-73.150948,-37.015196],[-73.150914,-37.01528],[-73.150894,-37.015319],[-73.15088,-37.015341],[-73.150866,-37.015359],[-73.15085,-37.015375],[-73.150833,-37.015388],[-73.150806,-37.015405],[-73.150777,-37.015422],[-73.150748,-37.015435],[-73.150721,-37.015446],[-73.150695,-37.015454],[-73.150672,-37.015459],[-73.15065,-37.015461],[-73.150631,-37.015459],[-73.150615,-37.015455],[-73.150599,-37.015449],[-73.150582,-37.015439],[-73.150564,-37.015427],[-73.150527,-37.015395],[-73.150488,-37.015352],[-73.150472,-37.01533],[-73.150472,-37.015329],[-73.15046,-37.015305],[-73.15045,-37.015276],[-73.150444,-37.015245],[-73.15044,-37.015213],[-73.150439,-37.015178],[-73.150441,-37.015043],[-73.150443,-37.01495],[-73.150451,-37.014861],[-73.150467,-37.014777],[-73.150488,-37.014698],[-73.150507,-37.014649],[-73.150534,-37.014596],[-73.150563,-37.014546],[-73.150642,-37.014421],[-73.150679,-37.014353],[-73.150773,-37.014174],[-73.150809,-37.014098],[-73.150824,-37.014058],[-73.150835,-37.01402],[-73.150842,-37.013983],[-73.150845,-37.013948],[-73.150844,-37.013877],[-73.150836,-37.013809],[-73.15082,-37.013745],[-73.150798,-37.013687],[-73.150777,-37.013648],[-73.150776,-37.013647],[-73.150749,-37.013607],[-73.150714,-37.013563],[-73.150667,-37.013508],[-73.150621,-37.013461],[-73.150567,-37.013412],[-73.150503,-37.01336],[-73.150417,-37.013294],[-73.150376,-37.013265],[-73.150328,-37.013236],[-73.150165,-37.013146],[-73.150108,-37.013113],[-73.150056,-37.013078],[-73.150012,-37.013044],[-73.149914,-37.012959],[-73.14986,-37.012906],[-73.149838,-37.01288],[-73.149821,-37.012855],[-73.149821,-37.012854],[-73.149808,-37.01283],[-73.149798,-37.012806],[-73.149792,-37.012778],[-73.149789,-37.012749],[-73.149789,-37.012717],[-73.149792,-37.012683],[-73.149798,-37.012648],[-73.149807,-37.012613],[-73.149819,-37.012578],[-73.149834,-37.012544],[-73.149862,-37.012494],[-73.149893,-37.012448],[-73.149928,-37.012409],[-73.149965,-37.012378],[-73.15,-37.012357],[-73.150045,-37.012338],[-73.150084,-37.012325],[-73.150183,-37.012297],[-73.150227,-37.012283],[-73.150415,-37.012222],[-73.150461,-37.012205],[-73.1505,-37.012187],[-73.150538,-37.012168],[-73.150576,-37.012146],[-73.150652,-37.012095],[-73.150729,-37.012034],[-73.15081,-37.011961],[-73.150865,-37.011905],[-73.150919,-37.01184],[-73.150975,-37.011766],[-73.151036,-37.011676],[-73.151087,-37.011596],[-73.151125,-37.01153],[-73.151155,-37.01147],[-73.151178,-37.011414],[-73.151207,-37.011324],[-73.151227,-37.011236],[-73.151233,-37.011193],[-73.151237,-37.01115],[-73.151239,-37.011109],[-73.151238,-37.011069],[-73.151231,-37.010989],[-73.151219,-37.010921],[-73.151202,-37.010861],[-73.151178,-37.010807],[-73.151154,-37.010767],[-73.151154,-37.010767],[-73.151124,-37.010725],[-73.151089,-37.010683],[-73.151048,-37.010641],[-73.151006,-37.010604],[-73.150957,-37.010567],[-73.150898,-37.010528],[-73.15081,-37.010474],[-73.150721,-37.010423],[-73.150625,-37.010374],[-73.150524,-37.010328],[-73.150417,-37.010284],[-73.15032,-37.010249],[-73.150212,-37.010215],[-73.150091,-37.010182],[-73.149929,-37.010141],[-73.149807,-37.010113],[-73.149687,-37.010087],[-73.149569,-37.010065],[-73.149453,-37.010046],[-73.149362,-37.010035],[-73.149138,-37.010016],[-73.149078,-37.010008],[-73.149025,-37.009998],[-73.148937,-37.009979],[-73.148926,-37.009976],[-73.148851,-37.009956],[-73.14877,-37.009931],[-73.148692,-37.009903],[-73.148605,-37.009867],[-73.148513,-37.009821],[-73.148415,-37.009766],[-73.148287,-37.009689],[-73.148206,-37.009637],[-73.14812,-37.009576],[-73.148026,-37.009508],[-73.147907,-37.009415],[-73.147787,-37.009321],[-73.14768,-37.009231],[-73.147581,-37.009144],[-73.14749,-37.009058],[-73.147397,-37.008965],[-73.147307,-37.008869],[-73.147219,-37.008769],[-73.147133,-37.008666],[-73.147009,-37.008507],[-73.146915,-37.008377],[-73.146875,-37.008315],[-73.146874,-37.008315],[-73.146874,-37.008314],[-73.146838,-37.008256],[-73.146805,-37.008199],[-73.146776,-37.008142],[-73.146745,-37.008075],[-73.146717,-37.008003],[-73.146691,-37.007927],[-73.146667,-37.007845],[-73.146645,-37.007761],[-73.146624,-37.007667],[-73.146574,-37.007405],[-73.146558,-37.007309],[-73.146546,-37.007209],[-73.146536,-37.007103],[-73.146528,-37.00699],[-73.146524,-37.006855],[-73.146521,-37.006783],[-73.146521,-37.006767],[-73.146518,-37.006401],[-73.146515,-37.006251],[-73.146503,-37.005739],[-73.146501,-37.005523],[-73.146503,-37.005323],[-73.146509,-37.005036],[-73.146519,-37.004764],[-73.146527,-37.004609],[-73.146532,-37.004503],[-73.14655,-37.004252],[-73.146582,-37.003925],[-73.146634,-37.003479],[-73.146705,-37.002931],[-73.146742,-37.002621],[-73.14675,-37.002528],[-73.146753,-37.002444],[-73.146756,-37.002254],[-73.146753,-37.002149],[-73.146748,-37.002099],[-73.14674,-37.002052],[-73.14673,-37.002009],[-73.146717,-37.001968],[-73.146686,-37.001895],[-73.146645,-37.001818],[-73.146644,-37.001817],[-73.146593,-37.001737],[-73.146527,-37.001646],[-73.146419,-37.001502],[-73.146384,-37.001461],[-73.146351,-37.001426],[-73.146315,-37.001393],[-73.14628,-37.001365],[-73.146243,-37.001343],[-73.146205,-37.001325],[-73.146177,-37.001315],[-73.146147,-37.001307],[-73.146076,-37.001293],[-73.145994,-37.001285],[-73.145872,-37.001278],[-73.145841,-37.001277],[-73.145805,-37.001279],[-73.145678,-37.001295],[-73.145629,-37.001298],[-73.14558,-37.001297],[-73.145559,-37.001294],[-73.145539,-37.00129],[-73.145512,-37.00128],[-73.145483,-37.001269],[-73.145455,-37.001254],[-73.145426,-37.001237],[-73.145397,-37.001217],[-73.145368,-37.001196],[-73.145313,-37.001147],[-73.145294,-37.001126],[-73.145277,-37.001103],[-73.145277,-37.001102],[-73.145262,-37.001078],[-73.145247,-37.001049],[-73.145226,-37.000998],[-73.145189,-37.000885],[-73.14517,-37.000837],[-73.145137,-37.000753],[-73.145063,-37.000542],[-73.145039,-37.000484],[-73.145016,-37.000433],[-73.144976,-37.000356],[-73.144931,-37.000277],[-73.14493,-37.000276],[-73.144881,-37.000196],[-73.144825,-37.000112],[-73.144743,-36.999992],[-73.144682,-36.99991],[-73.144623,-36.999839],[-73.144564,-36.999779],[-73.144522,-36.999739],[-73.144455,-36.999676],[-73.144418,-36.999644],[-73.144384,-36.999617],[-73.144348,-36.999592],[-73.144312,-36.999571],[-73.144277,-36.999554],[-73.144242,-36.999541],[-73.144179,-36.999524],[-73.14411,-36.999511],[-73.144038,-36.999505],[-73.143969,-36.999505],[-73.143917,-36.99951],[-73.14386,-36.999521],[-73.143806,-36.999536],[-73.143671,-36.999576],[-73.143584,-36.999604],[-73.143376,-36.999677],[-73.143319,-36.999694],[-73.143267,-36.999707],[-73.143187,-36.999723],[-73.143104,-36.999736],[-73.14302,-36.999747],[-73.142934,-36.999755],[-73.142892,-36.999757],[-73.142845,-36.999757],[-73.142647,-36.999752],[-73.142565,-36.999755],[-73.142486,-36.999763],[-73.14241,-36.999774],[-73.142337,-36.999787],[-73.142267,-36.999802],[-73.142158,-36.999833],[-73.142052,-36.999869],[-73.141954,-36.999911],[-73.141907,-36.999933],[-73.141863,-36.999957],[-73.141811,-36.999988],[-73.141757,-37.000026],[-73.141589,-37.000159],[-73.141495,-37.000236],[-73.141304,-37.000397],[-73.141079,-37.00059],[-73.141017,-37.00064],[-73.140959,-37.000683],[-73.140869,-37.000744],[-73.140773,-37.000804],[-73.140672,-37.000863],[-73.140566,-37.000921],[-73.140492,-37.000956],[-73.140315,-37.001033],[-73.140271,-37.001055],[-73.140233,-37.001075],[-73.140144,-37.001131],[-73.140052,-37.001195],[-73.139957,-37.00127],[-73.139852,-37.001361],[-73.139773,-37.001434],[-73.139699,-37.001509],[-73.13963,-37.001583],[-73.139567,-37.001658],[-73.139483,-37.001767],[-73.139415,-37.001867],[-73.13936,-37.001961],[-73.139337,-37.002006],[-73.139317,-37.002051],[-73.139288,-37.002129],[-73.139263,-37.002215],[-73.139242,-37.002312],[-73.139222,-37.002432],[-73.139216,-37.002475],[-73.139213,-37.002523],[-73.139208,-37.002726],[-73.139204,-37.002771],[-73.139198,-37.002812],[-73.139182,-37.002903],[-73.13917,-37.002958],[-73.139156,-37.003007],[-73.139138,-37.00305],[-73.139113,-37.003098],[-73.139078,-37.003148],[-73.139036,-37.003201],[-73.13896,-37.003288],[-73.138885,-37.003371],[-73.138809,-37.003448],[-73.13873,-37.00352],[-73.138651,-37.003586],[-73.138589,-37.003632],[-73.138521,-37.003679],[-73.138447,-37.003726],[-73.138365,-37.003776],[-73.138262,-37.003836],[-73.138193,-37.003874],[-73.138128,-37.003906],[-73.138068,-37.003931],[-73.137975,-37.003962],[-73.137886,-37.003987],[-73.137802,-37.004004],[-73.137723,-37.004014],[-73.137676,-37.004016],[-73.137623,-37.004015],[-73.137437,-37.004002],[-73.137383,-37.003996],[-73.137246,-37.003967],[-73.137188,-37.003959],[-73.137158,-37.003958],[-73.137132,-37.003961],[-73.13711,-37.003968],[-73.137092,-37.003978],[-73.137074,-37.003994],[-73.137057,-37.004015],[-73.137039,-37.004041],[-73.137021,-37.004073],[-73.137007,-37.00411],[-73.136999,-37.004152],[-73.136997,-37.00419],[-73.136998,-37.004275],[-73.136997,-37.004311],[-73.136985,-37.004561],[-73.136959,-37.00488],[-73.136958,-37.004963],[-73.136961,-37.005037],[-73.136972,-37.00516],[-73.136982,-37.005234],[-73.136998,-37.005301],[-73.137021,-37.005358],[-73.137053,-37.005419],[-73.137053,-37.005419],[-73.137095,-37.00548],[-73.137144,-37.00554],[-73.137199,-37.005596],[-73.137231,-37.005624],[-73.137269,-37.005654],[-73.137413,-37.005751],[-73.137601,-37.005876],[-73.137675,-37.005929],[-73.137781,-37.006008],[-73.137832,-37.006049],[-73.137878,-37.006091],[-73.137913,-37.006132],[-73.13795,-37.006187],[-73.137951,-37.006188],[-73.137984,-37.006251],[-73.138004,-37.006298],[-73.13802,-37.006351],[-73.138033,-37.006409],[-73.138044,-37.006477],[-73.138049,-37.006532],[-73.138051,-37.00659],[-73.138049,-37.006651],[-73.138044,-37.006715],[-73.138031,-37.006796],[-73.138009,-37.006882],[-73.137979,-37.006976],[-73.137937,-37.007084],[-73.137899,-37.007168],[-73.137857,-37.007252],[-73.13781,-37.007335],[-73.137758,-37.007417],[-73.137693,-37.007511],[-73.137631,-37.007592],[-73.13757,-37.007663],[-73.137508,-37.007726],[-73.13744,-37.007787],[-73.137363,-37.007847],[-73.137279,-37.007906],[-73.137187,-37.007964],[-73.137081,-37.008025],[-73.136989,-37.008073],[-73.136902,-37.008112],[-73.136818,-37.008142],[-73.136736,-37.008166],[-73.136647,-37.008185],[-73.136552,-37.008202],[-73.13645,-37.008214],[-73.136365,-37.00822],[-73.136272,-37.008222],[-73.13617,-37.00822],[-73.136045,-37.008214],[-73.136006,-37.00821],[-73.135963,-37.008205],[-73.135813,-37.008179],[-73.135754,-37.008171],[-73.135694,-37.008166],[-73.135641,-37.008166],[-73.13555,-37.008171],[-73.135497,-37.008177],[-73.135451,-37.008187],[-73.135432,-37.008194],[-73.135414,-37.008202],[-73.135397,-37.008212],[-73.13538,-37.008225],[-73.135348,-37.008258],[-73.135316,-37.008301],[-73.135284,-37.008357],[-73.135272,-37.00838],[-73.135263,-37.008405],[-73.135248,-37.008461],[-73.13524,-37.008526],[-73.135236,-37.008606],[-73.135237,-37.008677],[-73.135244,-37.008739],[-73.135255,-37.008795],[-73.135272,-37.008844],[-73.135295,-37.008892],[-73.135324,-37.00894],[-73.135324,-37.00894],[-73.135325,-37.008941],[-73.135361,-37.008989],[-73.135403,-37.009035],[-73.135425,-37.009055],[-73.135452,-37.009077],[-73.135554,-37.009148],[-73.135593,-37.009177],[-73.135695,-37.009266],[-73.13573,-37.0093],[-73.13576,-37.009332],[-73.135796,-37.009379],[-73.135829,-37.00943],[-73.13583,-37.00943],[-73.135861,-37.009486],[-73.13589,-37.009546],[-73.135913,-37.009603],[-73.135932,-37.009665],[-73.135948,-37.009732],[-73.135962,-37.009808],[-73.135974,-37.009907],[-73.135978,-37.010002],[-73.135974,-37.010092],[-73.135962,-37.010177],[-73.135943,-37.010262],[-73.135922,-37.010333],[-73.135896,-37.010395],[-73.135867,-37.01045],[-73.135849,-37.010475],[-73.135827,-37.010501],[-73.135798,-37.010529],[-73.135709,-37.010611],[-73.135684,-37.010639],[-73.135664,-37.010665],[-73.135632,-37.010719],[-73.135603,-37.010782],[-73.135576,-37.010854],[-73.135545,-37.01095],[-73.135527,-37.01102],[-73.135513,-37.011098],[-73.135502,-37.011182],[-73.135486,-37.011331],[-73.135482,-37.011395],[-73.135483,-37.011525],[-73.135482,-37.011581],[-73.135475,-37.011638],[-73.135462,-37.011688],[-73.135441,-37.011762],[-73.135428,-37.011795],[-73.135411,-37.011823],[-73.135402,-37.011834],[-73.135391,-37.011842],[-73.135373,-37.011852],[-73.13535,-37.01186],[-73.135324,-37.011867],[-73.135295,-37.011871],[-73.135264,-37.011873],[-73.135232,-37.011873],[-73.135203,-37.011871],[-73.135177,-37.011866],[-73.135157,-37.01186],[-73.135137,-37.011852],[-73.135117,-37.011841],[-73.135096,-37.011827],[-73.135054,-37.011792],[-73.13501,-37.011747],[-73.134993,-37.011726],[-73.134993,-37.011725],[-73.134979,-37.011701],[-73.134967,-37.011674],[-73.134957,-37.011643],[-73.134945,-37.011583],[-73.134927,-37.011438],[-73.13492,-37.011394],[-73.134917,-37.011346],[-73.134913,-37.011123],[-73.134909,-37.011069],[-73.134903,-37.011022],[-73.134886,-37.010884],[-73.134876,-37.010827],[-73.134867,-37.010797],[-73.134857,-37.01077],[-73.134845,-37.010746],[-73.134845,-37.010745],[-73.134845,-37.010745],[-73.134832,-37.010724],[-73.134796,-37.010681],[-73.134753,-37.01064],[-73.134705,-37.010602],[-73.134653,-37.010569],[-73.134625,-37.010555],[-73.134594,-37.010541],[-73.134525,-37.010518],[-73.134449,-37.010499],[-73.134368,-37.010486],[-73.134331,-37.010483],[-73.134293,-37.010482],[-73.134252,-37.010483],[-73.134208,-37.010486],[-73.134114,-37.010498],[-73.133975,-37.010522],[-73.133919,-37.010534],[-73.133789,-37.010569],[-73.133725,-37.010581],[-73.133638,-37.01059],[-73.13355,-37.010593],[-73.133463,-37.01059],[-73.13338,-37.010581],[-73.133346,-37.010575],[-73.13331,-37.010566],[-73.133154,-37.010515],[-73.133116,-37.010505],[-73.133083,-37.010498],[-73.132992,-37.010484],[-73.132906,-37.010476],[-73.132825,-37.010472],[-73.13275,-37.010474],[-73.132677,-37.010481],[-73.132606,-37.010491],[-73.132539,-37.010505],[-73.132476,-37.010522],[-73.132394,-37.010551],[-73.132317,-37.010585],[-73.132249,-37.010623],[-73.132218,-37.010644],[-73.13219,-37.010665],[-73.132157,-37.010694],[-73.132124,-37.01073],[-73.132091,-37.01077],[-73.132036,-37.010843],[-73.131979,-37.010919],[-73.131935,-37.010985],[-73.131898,-37.011047],[-73.131869,-37.011105],[-73.131846,-37.011164],[-73.131825,-37.011231],[-73.131807,-37.011306],[-73.131786,-37.011414],[-73.131766,-37.011519],[-73.131756,-37.011594],[-73.13175,-37.011662],[-73.13175,-37.011723],[-73.131755,-37.011776],[-73.131763,-37.011834],[-73.131776,-37.011897],[-73.131798,-37.011985],[-73.13182,-37.012073],[-73.131839,-37.012138],[-73.131859,-37.012195],[-73.131881,-37.012247],[-73.131902,-37.012287],[-73.131928,-37.01233],[-73.131928,-37.012331],[-73.132048,-37.012509],[-73.13217,-37.012697],[-73.132212,-37.012765],[-73.132213,-37.012766],[-73.132255,-37.012843],[-73.132286,-37.012913],[-73.132313,-37.012996],[-73.132336,-37.013086],[-73.132355,-37.013184],[-73.132369,-37.013294],[-73.132376,-37.013387],[-73.132379,-37.01348],[-73.132376,-37.013572],[-73.132369,-37.013663],[-73.132357,-37.013783],[-73.132347,-37.013849],[-73.132331,-37.013909],[-73.132309,-37.01396],[-73.13228,-37.014007],[-73.13224,-37.014056],[-73.132192,-37.014106],[-73.132095,-37.014198],[-73.132045,-37.014245],[-73.13199,-37.014294],[-73.131845,-37.014412],[-73.13179,-37.014454],[-73.131645,-37.014555],[-73.131605,-37.014585],[-73.131572,-37.014615],[-73.131515,-37.014667],[-73.131476,-37.014708],[-73.131443,-37.014745],[-73.131417,-37.014781],[-73.1314,-37.01481],[-73.131384,-37.014841],[-73.131371,-37.014874],[-73.131358,-37.01491],[-73.131338,-37.014989],[-73.131322,-37.01509],[-73.131318,-37.015129],[-73.131316,-37.01517],[-73.131319,-37.015259],[-73.131331,-37.015355],[-73.131358,-37.015519],[-73.131378,-37.015631],[-73.131402,-37.015742],[-73.131431,-37.015851],[-73.131465,-37.015959],[-73.131498,-37.016051],[-73.131541,-37.016152],[-73.131583,-37.016245],[-73.131703,-37.016494],[-73.131869,-37.016848],[-73.132048,-37.017208],[-73.132209,-37.017524],[-73.132333,-37.017755],[-73.132444,-37.017954],[-73.132526,-37.018096],[-73.132603,-37.018223],[-73.132604,-37.018224],[-73.132678,-37.018338],[-73.132744,-37.018433],[-73.132822,-37.018536],[-73.133106,-37.018889],[-73.133213,-37.019028],[-73.13343,-37.019323],[-73.133505,-37.01943],[-73.13357,-37.019528],[-73.133713,-37.019748],[-73.133713,-37.019749],[-73.133759,-37.019826],[-73.133796,-37.019897],[-73.133842,-37.019994],[-73.133884,-37.020092],[-73.13392,-37.020191],[-73.133951,-37.02029],[-73.133987,-37.020427],[-73.134013,-37.020555],[-73.134029,-37.020675],[-73.134033,-37.020733],[-73.134034,-37.020789],[-73.134043,-37.02097],[-73.134043,-37.021015],[-73.13404,-37.021055],[-73.134033,-37.021096],[-73.134022,-37.021132],[-73.134006,-37.021165],[-73.133987,-37.021194],[-73.133966,-37.021218],[-73.133942,-37.021242],[-73.133915,-37.021265],[-73.133887,-37.021287],[-73.133859,-37.021306],[-73.13383,-37.021323],[-73.133801,-37.021337],[-73.133773,-37.021348],[-73.133741,-37.021358],[-73.133707,-37.021365],[-73.133669,-37.02137],[-73.133628,-37.021372],[-73.133584,-37.021373],[-73.133538,-37.021371],[-73.133489,-37.021367],[-73.13344,-37.02136],[-73.133396,-37.021352],[-73.133351,-37.021339],[-73.133305,-37.021322],[-73.133257,-37.0213],[-73.133211,-37.021276],[-73.133161,-37.021247],[-73.132999,-37.021146],[-73.132951,-37.021113],[-73.132899,-37.021074],[-73.132747,-37.020942],[-73.132696,-37.0209],[-73.132651,-37.020866],[-73.132607,-37.020837],[-73.132501,-37.020776],[-73.132394,-37.020722],[-73.132286,-37.020675],[-73.132178,-37.020635],[-73.132051,-37.020595],[-73.131989,-37.020578],[-73.131927,-37.020564],[-73.131866,-37.020552],[-73.131806,-37.020541],[-73.131748,-37.020533],[-73.131691,-37.020527],[-73.131604,-37.020523],[-73.131509,-37.020523],[-73.131403,-37.020528],[-73.131262,-37.020539],[-73.131127,-37.020553],[-73.131004,-37.020569],[-73.130891,-37.020588],[-73.130786,-37.020611],[-73.130662,-37.020642],[-73.130569,-37.02067],[-73.130488,-37.020699],[-73.130418,-37.02073],[-73.13038,-37.02075],[-73.130342,-37.020772],[-73.130267,-37.020823],[-73.130189,-37.020884],[-73.130108,-37.020956],[-73.130043,-37.02102],[-73.129989,-37.02108],[-73.129943,-37.021138],[-73.129906,-37.021194],[-73.129864,-37.021271],[-73.129832,-37.021347],[-73.12982,-37.021385],[-73.12981,-37.021421],[-73.129803,-37.021457],[-73.129799,-37.021491],[-73.129798,-37.021521],[-73.129802,-37.021555],[-73.12981,-37.021594],[-73.129841,-37.021715],[-73.129847,-37.021754],[-73.129847,-37.021789],[-73.129842,-37.021826],[-73.129835,-37.021864],[-73.129825,-37.021902],[-73.129813,-37.021942],[-73.129798,-37.021981],[-73.129781,-37.02202],[-73.129761,-37.02206],[-73.129739,-37.022098],[-73.129702,-37.022156],[-73.129661,-37.02221],[-73.129618,-37.022258],[-73.129573,-37.0223],[-73.129552,-37.022317],[-73.129528,-37.022333],[-73.129472,-37.022364],[-73.129412,-37.02239],[-73.129244,-37.022457],[-73.129197,-37.02248],[-73.129157,-37.022502],[-73.129059,-37.022567],[-73.128971,-37.022632],[-73.128892,-37.022698],[-73.128823,-37.022764],[-73.128792,-37.022801],[-73.128761,-37.022846],[-73.128735,-37.022891],[-73.128678,-37.022998],[-73.128646,-37.02305],[-73.128611,-37.023096],[-73.128574,-37.023133],[-73.128483,-37.023207],[-73.128446,-37.023234],[-73.128411,-37.023257],[-73.128376,-37.023276],[-73.128342,-37.023292],[-73.128309,-37.023304],[-73.128276,-37.023311],[-73.128242,-37.023317],[-73.128207,-37.02332],[-73.128171,-37.023322],[-73.128136,-37.023321],[-73.128102,-37.023318],[-73.12807,-37.023314],[-73.128041,-37.023308],[-73.128014,-37.0233],[-73.127977,-37.023282],[-73.127937,-37.023258],[-73.127896,-37.023225],[-73.127848,-37.023181],[-73.127823,-37.023153],[-73.127801,-37.023122],[-73.127782,-37.023087],[-73.127767,-37.023048],[-73.127756,-37.023014],[-73.127756,-37.023013],[-73.127746,-37.022973],[-73.127709,-37.022789],[-73.127696,-37.022744],[-73.127681,-37.022705],[-73.127607,-37.022537],[-73.127541,-37.022404],[-73.127476,-37.022286],[-73.127474,-37.022284],[-73.127474,-37.022284],[-73.127442,-37.022232],[-73.127408,-37.022181],[-73.127362,-37.022117],[-73.127315,-37.022057],[-73.127269,-37.021999],[-73.127221,-37.021944],[-73.127174,-37.021892],[-73.127125,-37.021843],[-73.127076,-37.021797],[-73.127027,-37.021753],[-73.12693,-37.021674],[-73.126834,-37.021605],[-73.12674,-37.021544],[-73.126646,-37.021491],[-73.126588,-37.021463],[-73.126521,-37.021435],[-73.126254,-37.021336],[-73.125934,-37.021216],[-73.12585,-37.021181],[-73.125778,-37.021146],[-73.125653,-37.021079],[-73.12555,-37.021018],[-73.125461,-37.020957],[-73.125422,-37.020927],[-73.125385,-37.020896],[-73.125353,-37.020865],[-73.125321,-37.020827],[-73.125228,-37.020699],[-73.125195,-37.020656],[-73.125159,-37.020618],[-73.125123,-37.020587],[-73.125056,-37.020538],[-73.125,-37.020502],[-73.124947,-37.020475],[-73.124897,-37.020456],[-73.124868,-37.020448],[-73.124837,-37.020441],[-73.124768,-37.020433],[-73.124692,-37.020429],[-73.124612,-37.020432],[-73.124564,-37.020438],[-73.124512,-37.02045],[-73.124462,-37.020466],[-73.124336,-37.020509],[-73.124267,-37.020527],[-73.124093,-37.020566],[-73.123996,-37.020582],[-73.12395,-37.020587],[-73.123906,-37.02059],[-73.123865,-37.02059],[-73.123827,-37.020587],[-73.123788,-37.020582],[-73.123749,-37.020574],[-73.123708,-37.020564],[-73.123666,-37.020551],[-73.12358,-37.02052],[-73.123493,-37.02048],[-73.123418,-37.020439],[-73.123353,-37.020398],[-73.123299,-37.020356],[-73.123255,-37.020313],[-73.123232,-37.020284],[-73.123211,-37.020252],[-73.12321,-37.020251],[-73.123191,-37.020216],[-73.123174,-37.020177],[-73.123159,-37.020135],[-73.123146,-37.020089],[-73.123135,-37.020038],[-73.123125,-37.01998],[-73.123118,-37.019912],[-73.12312,-37.019835],[-73.123129,-37.01975],[-73.123148,-37.019623],[-73.123157,-37.019581],[-73.12317,-37.019533],[-73.12322,-37.019382],[-73.123237,-37.019328],[-73.123249,-37.019277],[-73.123255,-37.019231],[-73.123264,-37.019111],[-73.123265,-37.019062],[-73.123263,-37.019017],[-73.123259,-37.018974],[-73.123252,-37.018934],[-73.123243,-37.018897],[-73.123232,-37.018862],[-73.123216,-37.018824],[-73.123197,-37.018786],[-73.123176,-37.018749],[-73.123175,-37.018747],[-73.123153,-37.018713],[-73.123128,-37.018679],[-73.123102,-37.018647],[-73.123074,-37.018618],[-73.123045,-37.018591],[-73.122998,-37.018554],[-73.122941,-37.018518],[-73.122873,-37.018481],[-73.122779,-37.018435],[-73.122679,-37.018392],[-73.12257,-37.018353],[-73.122455,-37.01832],[-73.122336,-37.018291],[-73.122288,-37.018282],[-73.122237,-37.018275],[-73.122125,-37.018263],[-73.122026,-37.018258],[-73.12181,-37.018251],[-73.121715,-37.018247],[-73.121409,-37.01823],[-73.121102,-37.018215],[-73.120796,-37.018204],[-73.120489,-37.018195],[-73.120451,-37.018195],[-73.120451,-37.018192],[-73.120451,-36.999129],[-73.120986,-36.999131],[-73.121561,-36.999129],[-73.121725,-36.999129],[-73.1221,-36.999134],[-73.122273,-36.999134],[-73.122375,-36.999131],[-73.12247,-36.999126],[-73.12256,-36.999119],[-73.122646,-36.99911],[-73.123015,-36.999073],[-73.123108,-36.99906],[-73.123189,-36.999045],[-73.123272,-36.999025],[-73.123345,-36.999001],[-73.123378,-36.998987],[-73.123409,-36.998972],[-73.123438,-36.998956],[-73.123465,-36.998938],[-73.1235,-36.99891],[-73.123536,-36.998875],[-73.123569,-36.998837],[-73.123656,-36.998729],[-73.123685,-36.998698],[-73.123712,-36.998672],[-73.12377,-36.998624],[-73.12384,-36.998575],[-73.12391,-36.99853],[-73.124083,-36.998424],[-73.124169,-36.998367],[-73.124289,-36.998278],[-73.124543,-36.998081],[-73.124645,-36.998006],[-73.124839,-36.997863],[-73.124925,-36.997804],[-73.125016,-36.997747],[-73.125102,-36.997701],[-73.125169,-36.997669],[-73.125235,-36.997641],[-73.125299,-36.997615],[-73.125361,-36.997592],[-73.125422,-36.997572],[-73.125482,-36.997555],[-73.12554,-36.997541],[-73.125597,-36.99753],[-73.125772,-36.9975],[-73.125835,-36.997492],[-73.12589,-36.997489],[-73.125943,-36.997488],[-73.125991,-36.997492],[-73.126034,-36.997499],[-73.126072,-36.997511],[-73.126098,-36.997521],[-73.126124,-36.997535],[-73.12615,-36.997551],[-73.126177,-36.997571],[-73.126231,-36.997616],[-73.12632,-36.997701],[-73.126364,-36.997747],[-73.126452,-36.997851],[-73.126491,-36.997891],[-73.126557,-36.997946],[-73.126635,-36.998002],[-73.126723,-36.998058],[-73.126891,-36.998158],[-73.126931,-36.998181],[-73.126978,-36.998205],[-73.127154,-36.998287],[-73.127224,-36.998323],[-73.127292,-36.998364],[-73.127321,-36.998384],[-73.127348,-36.998405],[-73.127383,-36.998437],[-73.127419,-36.998475],[-73.127538,-36.998615],[-73.127572,-36.998657],[-73.127645,-36.998763],[-73.12768,-36.998808],[-73.127701,-36.998831],[-73.127722,-36.998851],[-73.127744,-36.998867],[-73.127767,-36.998881],[-73.127802,-36.998899],[-73.127841,-36.998915],[-73.127881,-36.998929],[-73.127922,-36.998941],[-73.127962,-36.998949],[-73.128001,-36.998955],[-73.128037,-36.998958],[-73.128071,-36.998957],[-73.12811,-36.998953],[-73.12815,-36.998943],[-73.128193,-36.998929],[-73.128236,-36.998911],[-73.128279,-36.998889],[-73.128321,-36.998863],[-73.12836,-36.998835],[-73.128395,-36.998805],[-73.128427,-36.998769],[-73.128457,-36.998725],[-73.128483,-36.998675],[-73.128528,-36.998577],[-73.128557,-36.998508],[-73.128583,-36.998429],[-73.128603,-36.998353],[-73.128643,-36.998187],[-73.128661,-36.99812],[-73.128827,-36.997573],[-73.12889,-36.997358],[-73.128953,-36.997132],[-73.129061,-36.99673],[-73.129195,-36.996204],[-73.129233,-36.996069],[-73.12927,-36.99595],[-73.129333,-36.99577],[-73.129394,-36.995609],[-73.129455,-36.99546],[-73.129518,-36.995321],[-73.129566,-36.995225],[-73.129617,-36.995126],[-73.129674,-36.995025],[-73.129734,-36.994921],[-73.1298,-36.994814],[-73.12987,-36.994704],[-73.129947,-36.994588],[-73.130032,-36.994465],[-73.130106,-36.994361],[-73.130154,-36.994299],[-73.130194,-36.994247],[-73.130379,-36.994018],[-73.130484,-36.993888],[-73.130584,-36.993761],[-73.13067,-36.993651],[-73.130874,-36.993397],[-73.13097,-36.993272],[-73.131024,-36.993199],[-73.131072,-36.99313],[-73.131116,-36.993064],[-73.131155,-36.992999],[-73.131244,-36.992842],[-73.131321,-36.992692],[-73.131386,-36.992548],[-73.13144,-36.992409],[-73.131474,-36.992308],[-73.131503,-36.992201],[-73.131529,-36.99209],[-73.131551,-36.991971],[-73.13157,-36.991847],[-73.131585,-36.991712],[-73.131599,-36.991563],[-73.131612,-36.991381],[-73.131626,-36.991145],[-73.13163,-36.990987],[-73.131629,-36.990913],[-73.131626,-36.990844],[-73.13162,-36.990778],[-73.131612,-36.990715],[-73.131596,-36.990621],[-73.131578,-36.990532],[-73.131558,-36.990449],[-73.131536,-36.990369],[-73.131511,-36.990293],[-73.131484,-36.990221],[-73.131454,-36.990152],[-73.131421,-36.990087],[-73.131384,-36.99002],[-73.131383,-36.990018],[-73.131343,-36.989954],[-73.131297,-36.989887],[-73.131248,-36.989822],[-73.131196,-36.989757],[-73.131141,-36.989694],[-73.131082,-36.989632],[-73.131022,-36.989573],[-73.130943,-36.989499],[-73.130877,-36.989441],[-73.130816,-36.98939],[-73.130757,-36.989345],[-73.130699,-36.989305],[-73.130641,-36.989269],[-73.130584,-36.989238],[-73.130527,-36.989211],[-73.13048,-36.989192],[-73.130431,-36.989174],[-73.130328,-36.989143],[-73.130219,-36.989117],[-73.130108,-36.989097],[-73.130053,-36.98909],[-73.129995,-36.989086],[-73.129934,-36.989085],[-73.129867,-36.989085],[-73.129737,-36.989093],[-73.129461,-36.989116],[-73.129372,-36.989123],[-73.129274,-36.989134],[-73.128863,-36.989191],[-73.128767,-36.989203],[-73.12868,-36.989211],[-73.128456,-36.989229],[-73.128281,-36.989241],[-73.128122,-36.989247],[-73.127976,-36.989249],[-73.127765,-36.989245],[-73.127558,-36.989234],[-73.127355,-36.989216],[-73.127255,-36.989205],[-73.127157,-36.989192],[-73.127042,-36.989173],[-73.126914,-36.989148],[-73.126434,-36.98904],[-73.125771,-36.988896],[-73.125599,-36.98886],[-73.125444,-36.98883],[-73.125343,-36.988809],[-73.125114,-36.988755],[-73.125008,-36.988734],[-73.124945,-36.988724],[-73.124887,-36.988718],[-73.124831,-36.988715],[-73.124778,-36.988716],[-73.124696,-36.988721],[-73.124624,-36.988727],[-73.124558,-36.988735],[-73.124497,-36.988746],[-73.124441,-36.988759],[-73.12439,-36.988774],[-73.124344,-36.988791],[-73.124302,-36.988811],[-73.124245,-36.988846],[-73.12419,-36.988887],[-73.124138,-36.988933],[-73.124093,-36.988983],[-73.124068,-36.989019],[-73.124048,-36.989063],[-73.124033,-36.989113],[-73.124009,-36.989219],[-73.123997,-36.989263],[-73.12398,-36.989307],[-73.123959,-36.989344],[-73.123924,-36.989396],[-73.12389,-36.98944],[-73.123858,-36.989479],[-73.123825,-36.989514],[-73.123792,-36.989545],[-73.123759,-36.989571],[-73.123726,-36.989593],[-73.123693,-36.989611],[-73.123642,-36.989631],[-73.123585,-36.989647],[-73.123521,-36.989659],[-73.123454,-36.989667],[-73.123386,-36.98967],[-73.123319,-36.989668],[-73.123256,-36.989661],[-73.123198,-36.989649],[-73.123161,-36.989638],[-73.123123,-36.989623],[-73.123083,-36.989604],[-73.123043,-36.989582],[-73.123002,-36.989557],[-73.122961,-36.989527],[-73.122918,-36.989495],[-73.122874,-36.989459],[-73.122853,-36.989439],[-73.122832,-36.989416],[-73.122793,-36.989365],[-73.122791,-36.989363],[-73.122759,-36.989311],[-73.122678,-36.98917],[-73.122677,-36.989168],[-73.122653,-36.989131],[-73.122627,-36.989097],[-73.122558,-36.989018],[-73.122477,-36.988934],[-73.122384,-36.988843],[-73.122246,-36.988716],[-73.122156,-36.988636],[-73.122055,-36.98855],[-73.121941,-36.988456],[-73.121789,-36.988335],[-73.121606,-36.988191],[-73.121481,-36.988095],[-73.121365,-36.98801],[-73.121256,-36.987936],[-73.12111,-36.987835],[-73.121046,-36.987794],[-73.120978,-36.987756],[-73.120914,-36.987726],[-73.120876,-36.987712],[-73.120835,-36.987699],[-73.120743,-36.987676],[-73.12064,-36.987656],[-73.120476,-36.987631],[-73.120451,-36.987628],[-73.120451,-36.987626],[-73.120451,-36.985466],[-73.120479,-36.985453],[-73.120666,-36.985356],[-73.12076,-36.985307],[-73.120933,-36.985206],[-73.121004,-36.985166],[-73.12108,-36.985128],[-73.121152,-36.985099],[-73.121261,-36.985062],[-73.121359,-36.985034],[-73.121451,-36.985013],[-73.121537,-36.984999],[-73.121626,-36.984992],[-73.121717,-36.984989],[-73.121807,-36.984992],[-73.121894,-36.984999],[-73.122005,-36.985015],[-73.122096,-36.985034],[-73.122136,-36.985045],[-73.122173,-36.985057],[-73.122206,-36.985071],[-73.122237,-36.985085],[-73.122265,-36.985101],[-73.122292,-36.985121],[-73.122319,-36.985144],[-73.122346,-36.98517],[-73.122389,-36.98522],[-73.122472,-36.985327],[-73.122508,-36.985371],[-73.122663,-36.985549],[-73.122772,-36.985684],[-73.12282,-36.985748],[-73.122863,-36.985809],[-73.122901,-36.985868],[-73.122902,-36.985869],[-73.122936,-36.985927],[-73.122971,-36.985992],[-73.123006,-36.986062],[-73.123041,-36.986139],[-73.123079,-36.986227],[-73.123103,-36.986297],[-73.123139,-36.986437],[-73.123156,-36.986494],[-73.123179,-36.98655],[-73.123207,-36.986597],[-73.123208,-36.986598],[-73.123238,-36.98664],[-73.123272,-36.98668],[-73.123306,-36.986717],[-73.123343,-36.986752],[-73.123379,-36.986783],[-73.123417,-36.986811],[-73.123455,-36.986835],[-73.123493,-36.986855],[-73.123524,-36.986869],[-73.123558,-36.986882],[-73.123595,-36.986893],[-73.123636,-36.986903],[-73.123726,-36.986921],[-73.123864,-36.986941],[-73.123932,-36.986949],[-73.124003,-36.986955],[-73.124076,-36.986959],[-73.124153,-36.98696],[-73.124234,-36.986959],[-73.124319,-36.986955],[-73.124409,-36.986949],[-73.124507,-36.986941],[-73.124719,-36.986929],[-73.124766,-36.986925],[-73.124807,-36.986919],[-73.124851,-36.986911],[-73.124888,-36.9869],[-73.124921,-36.986886],[-73.124949,-36.98687],[-73.12497,-36.986854],[-73.12499,-36.986835],[-73.125009,-36.986813],[-73.125028,-36.986788],[-73.125064,-36.986728],[-73.125106,-36.986641],[-73.125117,-36.986615],[-73.125126,-36.986584],[-73.125144,-36.986481],[-73.125152,-36.986446],[-73.125163,-36.986413],[-73.125178,-36.986384],[-73.125219,-36.986317],[-73.125247,-36.98628],[-73.125262,-36.986265],[-73.125276,-36.986254],[-73.125291,-36.986246],[-73.125306,-36.986241],[-73.125321,-36.98624],[-73.125338,-36.98624],[-73.125378,-36.986247],[-73.125426,-36.986262],[-73.125478,-36.986284],[-73.1255,-36.986297],[-73.125521,-36.986312],[-73.125541,-36.98633],[-73.125561,-36.986352],[-73.125599,-36.986403],[-73.1256,-36.986403],[-73.125649,-36.986484],[-73.125661,-36.986507],[-73.125671,-36.986535],[-73.125695,-36.986627],[-73.125705,-36.986659],[-73.125718,-36.986688],[-73.125718,-36.986688],[-73.125735,-36.986713],[-73.125775,-36.986758],[-73.125822,-36.986798],[-73.125871,-36.986831],[-73.125896,-36.986845],[-73.12592,-36.986855],[-73.125948,-36.986865],[-73.125979,-36.986873],[-73.126012,-36.98688],[-73.126047,-36.986884],[-73.126083,-36.986887],[-73.12612,-36.986888],[-73.126156,-36.986887],[-73.126191,-36.986884],[-73.126224,-36.986878],[-73.126258,-36.986866],[-73.126296,-36.986849],[-73.126373,-36.986808],[-73.126407,-36.986792],[-73.126443,-36.986778],[-73.126477,-36.98677],[-73.126548,-36.986761],[-73.126619,-36.986757],[-73.126687,-36.986761],[-73.126748,-36.98677],[-73.126793,-36.986782],[-73.126841,-36.9868],[-73.126891,-36.986824],[-73.126977,-36.98687],[-73.127023,-36.986895],[-73.127072,-36.986925],[-73.127205,-36.987012],[-73.127251,-36.987048],[-73.127343,-36.98713],[-73.127383,-36.987163],[-73.127407,-36.987179],[-73.12743,-36.987193],[-73.127453,-36.987204],[-73.127476,-36.987212],[-73.127538,-36.987231],[-73.127582,-36.987241],[-73.127619,-36.987244],[-73.127634,-36.987243],[-73.127648,-36.987241],[-73.127663,-36.987235],[-73.127679,-36.987225],[-73.127694,-36.987211],[-73.127708,-36.987193],[-73.127722,-36.987172],[-73.127735,-36.987148],[-73.127762,-36.987084],[-73.127768,-36.987056],[-73.127768,-36.987023],[-73.127762,-36.98699],[-73.127744,-36.986915],[-73.12774,-36.986881],[-73.127741,-36.986852],[-73.127748,-36.986827],[-73.127758,-36.986805],[-73.127773,-36.986782],[-73.127833,-36.986704],[-73.127892,-36.986628],[-73.127957,-36.98655],[-73.128028,-36.986471],[-73.128104,-36.98639],[-73.128191,-36.986304],[-73.128269,-36.98623],[-73.128345,-36.986164],[-73.128419,-36.986105],[-73.12852,-36.986017],[-73.12856,-36.985987],[-73.128582,-36.985973],[-73.128604,-36.985961],[-73.128626,-36.985953],[-73.128647,-36.985948],[-73.128678,-36.985943],[-73.128712,-36.985942],[-73.128749,-36.985944],[-73.128787,-36.985949],[-73.128824,-36.985956],[-73.128859,-36.985966],[-73.128891,-36.985977],[-73.128918,-36.98599],[-73.128933,-36.986],[-73.128947,-36.986012],[-73.128973,-36.986042],[-73.128992,-36.986073],[-73.128993,-36.986073],[-73.128994,-36.986075],[-73.129037,-36.986155],[-73.129038,-36.986156],[-73.129061,-36.98619],[-73.12913,-36.986279],[-73.129175,-36.986332],[-73.129218,-36.986379],[-73.129261,-36.986419],[-73.129332,-36.986477],[-73.129396,-36.986523],[-73.129458,-36.986561],[-73.129518,-36.98659],[-73.129584,-36.986614],[-73.12966,-36.986633],[-73.129746,-36.986649],[-73.129846,-36.986661],[-73.129952,-36.986672],[-73.130026,-36.986677],[-73.130092,-36.986679],[-73.130151,-36.986678],[-73.130205,-36.986672],[-73.130253,-36.986663],[-73.130295,-36.98665],[-73.130332,-36.986633],[-73.130358,-36.986616],[-73.130384,-36.986597],[-73.130409,-36.986575],[-73.130433,-36.986551],[-73.130455,-36.986525],[-73.130474,-36.986499],[-73.13049,-36.986473],[-73.130503,-36.986447],[-73.130511,-36.986426],[-73.130516,-36.986404],[-73.130519,-36.986379],[-73.13052,-36.986352],[-73.130517,-36.986296],[-73.130503,-36.98619],[-73.130488,-36.986099],[-73.130464,-36.986004],[-73.130431,-36.985906],[-73.130389,-36.985805],[-73.130338,-36.9857],[-73.130286,-36.98561],[-73.130285,-36.985609],[-73.130232,-36.985531],[-73.130204,-36.985496],[-73.130175,-36.985462],[-73.130138,-36.985426],[-73.130092,-36.985389],[-73.130041,-36.985352],[-73.129895,-36.985254],[-73.129853,-36.985221],[-73.129818,-36.985191],[-73.129766,-36.98514],[-73.129711,-36.985082],[-73.129561,-36.984905],[-73.129477,-36.984805],[-73.129455,-36.984778],[-73.12937,-36.98467],[-73.129296,-36.984571],[-73.129232,-36.984477],[-73.129231,-36.984475],[-73.129231,-36.984475],[-73.129175,-36.984385],[-73.129118,-36.984286],[-73.129062,-36.984179],[-73.129004,-36.984063],[-73.128942,-36.983931],[-73.128893,-36.983815],[-73.128852,-36.983708],[-73.128818,-36.983606],[-73.12879,-36.983501],[-73.128765,-36.983384],[-73.128743,-36.983254],[-73.128718,-36.983078],[-73.128713,-36.983025],[-73.12871,-36.982966],[-73.12871,-36.98275],[-73.128707,-36.982662],[-73.128702,-36.982615],[-73.128695,-36.982572],[-73.128687,-36.982531],[-73.128676,-36.982493],[-73.12863,-36.982347],[-73.128613,-36.982304],[-73.128597,-36.982267],[-73.128577,-36.982231],[-73.128576,-36.98223],[-73.128555,-36.9822],[-73.128531,-36.982173],[-73.128504,-36.98215],[-73.128474,-36.982129],[-73.12844,-36.982108],[-73.128403,-36.98209],[-73.128365,-36.982073],[-73.128327,-36.982059],[-73.12829,-36.982048],[-73.128253,-36.98204],[-73.128219,-36.982036],[-73.128181,-36.982034],[-73.12814,-36.982036],[-73.128098,-36.982041],[-73.128054,-36.982049],[-73.12801,-36.98206],[-73.127967,-36.982073],[-73.127927,-36.982089],[-73.12789,-36.982107],[-73.127859,-36.982125],[-73.127829,-36.982145],[-73.127801,-36.982166],[-73.127775,-36.982189],[-73.127752,-36.982211],[-73.127733,-36.982234],[-73.127717,-36.982256],[-73.127705,-36.982278],[-73.127697,-36.982297],[-73.127692,-36.982318],[-73.127688,-36.982364],[-73.127692,-36.982417],[-73.127705,-36.982507],[-73.12771,-36.982538],[-73.127719,-36.982573],[-73.127762,-36.982698],[-73.127776,-36.98275],[-73.127789,-36.98281],[-73.127799,-36.982876],[-73.127819,-36.983035],[-73.127843,-36.983222],[-73.12785,-36.983306],[-73.12785,-36.98335],[-73.127847,-36.98339],[-73.127842,-36.983428],[-73.127833,-36.983463],[-73.127802,-36.983561],[-73.127787,-36.983599],[-73.127771,-36.983633],[-73.127753,-36.983664],[-73.127734,-36.983691],[-73.127713,-36.983714],[-73.12769,-36.983735],[-73.127658,-36.983758],[-73.12762,-36.98378],[-73.127579,-36.983801],[-73.127536,-36.983818],[-73.127493,-36.983832],[-73.127451,-36.983842],[-73.127412,-36.983848],[-73.127376,-36.983849],[-73.12734,-36.983845],[-73.127301,-36.983836],[-73.12726,-36.98382],[-73.127217,-36.983799],[-73.127172,-36.983773],[-73.127126,-36.983741],[-73.12708,-36.983704],[-73.127034,-36.983663],[-73.12701,-36.983639],[-73.126988,-36.983611],[-73.126967,-36.98358],[-73.126966,-36.983579],[-73.126947,-36.983545],[-73.126916,-36.983477],[-73.126848,-36.983306],[-73.12682,-36.983232],[-73.126778,-36.983086],[-73.126759,-36.983029],[-73.126734,-36.982971],[-73.126705,-36.982921],[-73.126705,-36.98292],[-73.126674,-36.982879],[-73.126634,-36.982834],[-73.126491,-36.982693],[-73.126399,-36.982604],[-73.126202,-36.982427],[-73.12612,-36.98235],[-73.125982,-36.982217],[-73.125906,-36.982136],[-73.125847,-36.982064],[-73.12579,-36.981986],[-73.125734,-36.981901],[-73.125733,-36.981899],[-73.125677,-36.981807],[-73.12565,-36.981755],[-73.125623,-36.981696],[-73.125551,-36.981507],[-73.125526,-36.981447],[-73.125502,-36.981396],[-73.125478,-36.98135],[-73.125417,-36.981247],[-73.125416,-36.981245],[-73.125376,-36.981183],[-73.125334,-36.981127],[-73.125292,-36.981079],[-73.125255,-36.981043],[-73.125217,-36.981009],[-73.12518,-36.980978],[-73.125142,-36.98095],[-73.125104,-36.980924],[-73.125067,-36.980902],[-73.125029,-36.980882],[-73.124992,-36.980865],[-73.124948,-36.98085],[-73.124896,-36.980839],[-73.124838,-36.980831],[-73.124671,-36.980814],[-73.124621,-36.980805],[-73.124578,-36.980794],[-73.12452,-36.980773],[-73.124461,-36.980748],[-73.124402,-36.980717],[-73.12434,-36.980681],[-73.124281,-36.980643],[-73.124216,-36.980599],[-73.124012,-36.980446],[-73.1239,-36.98036],[-73.123791,-36.980267],[-73.123685,-36.98017],[-73.123581,-36.980067],[-73.123482,-36.979959],[-73.123386,-36.979848],[-73.123295,-36.979732],[-73.123209,-36.979613],[-73.123071,-36.979411],[-73.123069,-36.979408],[-73.123024,-36.979337],[-73.122985,-36.97927],[-73.122951,-36.979203],[-73.122922,-36.97914],[-73.1229,-36.979078],[-73.122882,-36.979019],[-73.122872,-36.978965],[-73.122865,-36.978904],[-73.122862,-36.978843],[-73.122859,-36.978687],[-73.122852,-36.978602],[-73.122833,-36.978398],[-73.122819,-36.978312],[-73.122809,-36.978268],[-73.122796,-36.978227],[-73.122781,-36.97819],[-73.122763,-36.978156],[-73.122762,-36.978155],[-73.122733,-36.978113],[-73.122692,-36.978068],[-73.122647,-36.978026],[-73.122526,-36.97792],[-73.122493,-36.977888],[-73.122466,-36.977859],[-73.12239,-36.977765],[-73.12232,-36.977668],[-73.122255,-36.977571],[-73.122255,-36.97757],[-73.122198,-36.977472],[-73.122169,-36.977416],[-73.122142,-36.977358],[-73.122116,-36.977296],[-73.12209,-36.977231],[-73.122042,-36.977088],[-73.12199,-36.976907],[-73.121973,-36.97684],[-73.121957,-36.97677],[-73.121931,-36.976616],[-73.121911,-36.976467],[-73.121871,-36.976104],[-73.12185,-36.975925],[-73.121829,-36.97573],[-73.121782,-36.975211],[-73.121738,-36.974735],[-73.121728,-36.974591],[-73.121723,-36.974462],[-73.121723,-36.974372],[-73.121725,-36.974272],[-73.121739,-36.973929],[-73.121742,-36.973796],[-73.121739,-36.973418],[-73.121742,-36.973263],[-73.121747,-36.973194],[-73.121756,-36.973118],[-73.121799,-36.972856],[-73.121812,-36.972755],[-73.12182,-36.972651],[-73.121819,-36.972558],[-73.121807,-36.972402],[-73.121793,-36.972296],[-73.121784,-36.972247],[-73.121772,-36.972202],[-73.121758,-36.97216],[-73.121742,-36.97212],[-73.121721,-36.972076],[-73.121696,-36.972032],[-73.121695,-36.97203],[-73.121695,-36.97203],[-73.121668,-36.971987],[-73.121636,-36.971941],[-73.121601,-36.971895],[-73.121562,-36.97185],[-73.12152,-36.971804],[-73.121476,-36.971759],[-73.121421,-36.971706],[-73.121369,-36.97166],[-73.121318,-36.971618],[-73.121268,-36.971581],[-73.121219,-36.971548],[-73.121171,-36.971519],[-73.121123,-36.971494],[-73.121076,-36.971473],[-73.121029,-36.971456],[-73.120977,-36.971442],[-73.12092,-36.971431],[-73.120858,-36.971422],[-73.1208,-36.971416],[-73.120735,-36.971411],[-73.120451,-36.971397],[-73.120451,-36.971395],[-73.120451,-36.970046],[-73.120536,-36.970048],[-73.120621,-36.970048],[-73.120703,-36.970044],[-73.120781,-36.970039],[-73.120855,-36.97003],[-73.120926,-36.970019],[-73.120994,-36.970005],[-73.121057,-36.969988],[-73.121103,-36.969973],[-73.121153,-36.969951],[-73.121303,-36.969873],[-73.121353,-36.969849],[-73.121397,-36.969831],[-73.121438,-36.969817],[-73.121485,-36.969806],[-73.121538,-36.969797],[-73.121597,-36.969791],[-73.121774,-36.969777],[-73.121828,-36.96977],[-73.121876,-36.96976],[-73.121937,-36.969744],[-73.122003,-36.969722],[-73.122256,-36.969627],[-73.122338,-36.9696],[-73.122542,-36.969538],[-73.122634,-36.969508],[-73.122728,-36.969473],[-73.122808,-36.969436],[-73.12287,-36.969403],[-73.122933,-36.969365],[-73.122995,-36.969322],[-73.12306,-36.969272],[-73.123166,-36.969182],[-73.12338,-36.968986],[-73.123475,-36.968903],[-73.12361,-36.968789],[-73.123758,-36.968659],[-73.124274,-36.968199],[-73.124617,-36.967889],[-73.124706,-36.967811],[-73.124788,-36.967742],[-73.125034,-36.967535],[-73.125153,-36.96744],[-73.125217,-36.967395],[-73.125278,-36.967354],[-73.125338,-36.967318],[-73.125397,-36.967285],[-73.125452,-36.967259],[-73.125509,-36.967233],[-73.125637,-36.967182],[-73.125783,-36.967133],[-73.125968,-36.967076],[-73.126057,-36.967051],[-73.12615,-36.967028],[-73.126247,-36.967006],[-73.126349,-36.966985],[-73.126457,-36.966965],[-73.126573,-36.966945],[-73.126844,-36.966905],[-73.127037,-36.966881],[-73.127249,-36.966861],[-73.127485,-36.966845],[-73.127796,-36.966829],[-73.128047,-36.966817],[-73.128227,-36.966811],[-73.12839,-36.966808],[-73.128538,-36.966809],[-73.12868,-36.966814],[-73.128817,-36.96682],[-73.12895,-36.966829],[-73.12908,-36.96684],[-73.129207,-36.966853],[-73.12933,-36.966868],[-73.129449,-36.966885],[-73.129566,-36.966905],[-73.129713,-36.966932],[-73.129821,-36.966954],[-73.129918,-36.966976],[-73.130004,-36.967],[-73.130078,-36.967024],[-73.130154,-36.967052],[-73.130232,-36.967084],[-73.130314,-36.967121],[-73.130392,-36.96716],[-73.130479,-36.967205],[-73.130765,-36.967362],[-73.131026,-36.967503],[-73.13119,-36.967598],[-73.131264,-36.967645],[-73.131333,-36.967691],[-73.131395,-36.967736],[-73.131454,-36.967781],[-73.13153,-36.967845],[-73.131597,-36.967903],[-73.131657,-36.967959],[-73.131712,-36.968013],[-73.131762,-36.968066],[-73.131806,-36.968119],[-73.131846,-36.96817],[-73.131881,-36.968221],[-73.131882,-36.968221],[-73.131919,-36.968283],[-73.131955,-36.968353],[-73.13199,-36.968431],[-73.132036,-36.968543],[-73.132059,-36.968601],[-73.13208,-36.968666],[-73.132146,-36.968892],[-73.132174,-36.96898],[-73.132216,-36.96912],[-73.13223,-36.969164],[-73.132251,-36.969214],[-73.132274,-36.969255],[-73.132274,-36.969257],[-73.132319,-36.969319],[-73.132366,-36.969374],[-73.132414,-36.969421],[-73.132439,-36.969441],[-73.132465,-36.969459],[-73.132499,-36.969479],[-73.132537,-36.969497],[-73.13258,-36.969514],[-73.132627,-36.969529],[-73.132678,-36.969543],[-73.132735,-36.969556],[-73.132797,-36.969567],[-73.132869,-36.969578],[-73.132923,-36.969584],[-73.132978,-36.969588],[-73.133036,-36.96959],[-73.133096,-36.969589],[-73.133159,-36.969587],[-73.133223,-36.969582],[-73.133289,-36.969575],[-73.133357,-36.969566],[-73.133442,-36.969552],[-73.133514,-36.969539],[-73.133577,-36.969526],[-73.133635,-36.969511],[-73.133688,-36.969494],[-73.133737,-36.969476],[-73.133781,-36.969456],[-73.133821,-36.969435],[-73.133859,-36.969411],[-73.133896,-36.969385],[-73.133932,-36.969356],[-73.133965,-36.969326],[-73.133996,-36.969294],[-73.134025,-36.969262],[-73.13405,-36.969229],[-73.134071,-36.969197],[-73.134086,-36.969168],[-73.134099,-36.969137],[-73.13411,-36.969103],[-73.134119,-36.969066],[-73.13413,-36.968987],[-73.134142,-36.96884],[-73.134146,-36.968778],[-73.134144,-36.968709],[-73.134139,-36.968638],[-73.134119,-36.968444],[-73.134116,-36.968385],[-73.134116,-36.968332],[-73.13412,-36.968197],[-73.134127,-36.968086],[-73.134138,-36.967986],[-73.134154,-36.967895],[-73.134174,-36.967806],[-73.134204,-36.967709],[-73.134236,-36.967619],[-73.134325,-36.967381],[-73.134422,-36.967124],[-73.134458,-36.967019],[-73.134535,-36.966776],[-73.134558,-36.966695],[-73.134576,-36.966622],[-73.134591,-36.966549],[-73.134602,-36.966481],[-73.134608,-36.966415],[-73.134611,-36.966353],[-73.134609,-36.966294],[-73.134604,-36.966233],[-73.134596,-36.966169],[-73.134584,-36.966102],[-73.13457,-36.966032],[-73.134551,-36.965957],[-73.134496,-36.965763],[-73.134479,-36.965709],[-73.134456,-36.965651],[-73.134373,-36.965462],[-73.134346,-36.965394],[-73.134322,-36.965328],[-73.134306,-36.965268],[-73.134287,-36.965168],[-73.134274,-36.965059],[-73.134266,-36.964937],[-73.134263,-36.964781],[-73.134261,-36.964613],[-73.134265,-36.964502],[-73.134274,-36.964401],[-73.134291,-36.96431],[-73.13431,-36.964242],[-73.134335,-36.964169],[-73.134367,-36.964088],[-73.13442,-36.963967],[-73.134477,-36.963843],[-73.134539,-36.963721],[-73.134605,-36.9636],[-73.134677,-36.963482],[-73.13473,-36.963404],[-73.134863,-36.963227],[-73.134894,-36.963182],[-73.134919,-36.963139],[-73.134974,-36.963037],[-73.135024,-36.962932],[-73.135067,-36.962822],[-73.135105,-36.962711],[-73.135134,-36.962605],[-73.135137,-36.962588],[-73.135158,-36.962492],[-73.135176,-36.962371],[-73.135191,-36.96224],[-73.135194,-36.962181],[-73.135195,-36.962115],[-73.13519,-36.961886],[-73.135191,-36.961797],[-73.135192,-36.961603],[-73.135197,-36.961547],[-73.135205,-36.961498],[-73.135225,-36.96141],[-73.135236,-36.961381],[-73.135248,-36.961355],[-73.135272,-36.961316],[-73.135303,-36.961278],[-73.135338,-36.961243],[-73.135376,-36.961212],[-73.1354,-36.961197],[-73.135426,-36.961182],[-73.135455,-36.961169],[-73.135487,-36.961156],[-73.13556,-36.961133],[-73.135647,-36.961112],[-73.135684,-36.961107],[-73.135726,-36.961104],[-73.135861,-36.961107],[-73.135905,-36.961107],[-73.135943,-36.961104],[-73.135976,-36.961098],[-73.136033,-36.961081],[-73.136094,-36.961057],[-73.136158,-36.961025],[-73.136261,-36.960969],[-73.136331,-36.960928],[-73.13649,-36.960827],[-73.136632,-36.960742],[-73.136861,-36.960612],[-73.136917,-36.960579],[-73.137039,-36.960503],[-73.137091,-36.960472],[-73.137157,-36.960438],[-73.137218,-36.960413],[-73.137287,-36.96039],[-73.13736,-36.96037],[-73.137438,-36.960354],[-73.137518,-36.960341],[-73.137635,-36.960324],[-73.137698,-36.960318],[-73.137728,-36.960317],[-73.137756,-36.960318],[-73.137781,-36.960322],[-73.137803,-36.960327],[-73.137829,-36.960337],[-73.137856,-36.960353],[-73.137882,-36.960374],[-73.137955,-36.96044],[-73.137979,-36.960457],[-73.138003,-36.96047],[-73.13805,-36.960487],[-73.138104,-36.960502],[-73.138167,-36.960515],[-73.138246,-36.960527],[-73.13836,-36.96054],[-73.138409,-36.960543],[-73.138453,-36.960544],[-73.138495,-36.960543],[-73.138534,-36.96054],[-73.138569,-36.960534],[-73.138603,-36.960527],[-73.13863,-36.960518],[-73.138658,-36.960508],[-73.138717,-36.960479],[-73.138779,-36.960441],[-73.13886,-36.960384],[-73.138884,-36.960365],[-73.13891,-36.960341],[-73.139011,-36.960238],[-73.139035,-36.960216],[-73.13906,-36.960198],[-73.139075,-36.960189],[-73.139152,-36.960139],[-73.139193,-36.960117],[-73.139231,-36.960098],[-73.139269,-36.960082],[-73.139305,-36.96007],[-73.13934,-36.960061],[-73.139374,-36.960056],[-73.139402,-36.960053],[-73.139433,-36.960053],[-73.139498,-36.960056],[-73.13957,-36.960067],[-73.1396,-36.960074],[-73.139645,-36.960084],[-73.139679,-36.960096],[-73.139715,-36.960113],[-73.139748,-36.960133],[-73.139823,-36.960181],[-73.139861,-36.960202],[-73.139896,-36.960218],[-73.139931,-36.960227],[-73.139983,-36.960234],[-73.140042,-36.960236],[-73.140106,-36.960234],[-73.140173,-36.960227],[-73.140214,-36.960219],[-73.140255,-36.960208],[-73.140298,-36.960192],[-73.140342,-36.960173],[-73.140422,-36.96013],[-73.140562,-36.960044],[-73.140616,-36.960013],[-73.140695,-36.959967],[-73.14078,-36.959914],[-73.141087,-36.959713],[-73.14153,-36.959427],[-73.141899,-36.959188],[-73.142115,-36.959042],[-73.14228,-36.958926],[-73.14243,-36.958818],[-73.14257,-36.958714],[-73.1427,-36.958614],[-73.142817,-36.958518],[-73.143086,-36.958283],[-73.14316,-36.958223],[-73.143228,-36.958171],[-73.143356,-36.958081],[-73.143498,-36.957988],[-73.143658,-36.957889],[-73.143857,-36.957771],[-73.144031,-36.957668],[-73.144111,-36.957622],[-73.144194,-36.957578],[-73.144271,-36.957543],[-73.144323,-36.957523],[-73.144385,-36.957504],[-73.14459,-36.957454],[-73.144662,-36.957434],[-73.144728,-36.957412],[-73.144785,-36.957386],[-73.144861,-36.957345],[-73.144911,-36.957316],[-73.144952,-36.957287],[-73.144984,-36.957257],[-73.145001,-36.957238],[-73.145016,-36.957215],[-73.145062,-36.957122],[-73.145084,-36.957086],[-73.145124,-36.957037],[-73.145172,-36.956986],[-73.145228,-36.956933],[-73.145299,-36.956872],[-73.145355,-36.956828],[-73.145423,-36.956782],[-73.145698,-36.956615],[-73.145923,-36.956478],[-73.145979,-36.956439],[-73.146027,-36.956401],[-73.146072,-36.956357],[-73.146119,-36.956306],[-73.146269,-36.956115],[-73.146366,-36.956]]},"properties":{"basis":"CITSU","source":"Amenaza por Tsunami 2024 (SENAPRED)","sourceUrl":"https://services5.arcgis.com/i7S5PSnIJAUcWvSE/ArcGIS/rest/services/Amenaza_por_Tsunami_2024/FeatureServer/2","retrievedAt":"2026-10-04","license":"No explicit license published; used citing SENAPRED as the providing institution, as IDE Chile requests","verified":true}},
{"type":"Feature","id":16,"geometry":{"type":"LineString","coordinates":[[-73.17661,-37.028388],[-73.176578,-37.02834],[-73.176575,-37.028335],[-73.176549,-37.028293],[-73.176509,-37.028221],[-73.176402,-37.028014],[-73.176332,-37.027898],[-73.176331,-37.027896],[-73.176267,-37.0278],[-73.176196,-37.027708],[-73.176117,-37.027615],[-73.176068,-37.027561],[-73.176017,-37.027509],[-73.175964,-37.027458],[-73.17591,-37.027408],[-73.175845,-37.027353],[-73.175783,-37.027297],[-73.175723,-37.02724],[-73.175665,-37.027182],[-73.175614,-37.027127],[-73.17556,-37.027065],[-73.175401,-37.026868],[-73.175262,-37.026693],[-73.175151,-37.026546],[-73.175031,-37.026378],[-73.174915,-37.026204],[-73.174912,-37.026198],[-73.174843,-37.026088],[-73.17468,-37.025811],[-73.174542,-37.025584],[-73.17454,-37.02558],[-73.174458,-37.025454],[-73.174352,-37.0253],[-73.174261,-37.025178],[-73.174188,-37.025085],[-73.174139,-37.025026],[-73.174092,-37.024974],[-73.174047,-37.024928],[-73.173983,-37.024869],[-73.173923,-37.024819],[-73.173866,-37.024776],[-73.173809,-37.024738],[-73.173754,-37.024706],[-73.173692,-37.024675],[-73.173622,-37.024643],[-73.173535,-37.024607],[-73.173436,-37.024571],[-73.17325,-37.024512],[-73.173068,-37.024456],[-73.172988,-37.024429],[-73.172893,-37.024393],[-73.172814,-37.024361],[-73.172743,-37.024329],[-73.172679,-37.024298],[-73.172603,-37.024256],[-73.172527,-37.024209],[-73.17245,-37.024155],[-73.172369,-37.024095],[-73.172303,-37.024042],[-73.172239,-37.023987],[-73.172178,-37.023929],[-73.172119,-37.023869],[-73.172074,-37.023818],[-73.172028,-37.023759],[-73.171893,-37.023565],[-73.171846,-37.023501],[-73.171714,-37.023337],[-73.17168,-37.023294],[-73.17162,-37.023215],[-73.171548,-37.023113],[-73.171454,-37.022967],[-73.171415,-37.022907],[-73.171358,-37.022822],[-73.171264,-37.022692],[-73.171136,-37.02252],[-73.171061,-37.022418],[-73.170914,-37.022208],[-73.170873,-37.022155],[-73.170835,-37.022109],[-73.17077,-37.02204],[-73.170697,-37.021969],[-73.170613,-37.021895],[-73.170513,-37.021811],[-73.170412,-37.021733],[-73.17024,-37.021609],[-73.170012,-37.021448],[-73.169811,-37.021311],[-73.169628,-37.021193],[-73.169467,-37.021071],[-73.169314,-37.020956],[-73.169233,-37.02089],[-73.169141,-37.020835],[-73.16906,-37.020795],[-73.168929,-37.020757],[-73.16875,-37.020714],[-73.168567,-37.020657],[-73.168315,-37.020577],[-73.168205,-37.020538],[-73.168117,-37.020511],[-73.168023,-37.020484],[-73.167922,-37.020458],[-73.167813,-37.020431],[-73.167691,-37.020404],[-73.167579,-37.020381],[-73.167473,-37.020363],[-73.167372,-37.020348],[-73.167273,-37.020336],[-73.167168,-37.020326],[-73.167055,-37.020318],[-73.166927,-37.0203],[-73.166826,-37.020285],[-73.16674,-37.02027],[-73.166616,-37.020255],[-73.166438,-37.020233],[-73.166284,-37.02021],[-73.166143,-37.020194],[-73.16602,-37.02019],[-73.165883,-37.020196],[-73.165687,-37.020223],[-73.165461,-37.020264],[-73.165282,-37.020282],[-73.165166,-37.020278],[-73.165035,-37.020255],[-73.164913,-37.02022],[-73.164823,-37.020211],[-73.164751,-37.020209],[-73.164656,-37.020217],[-73.164582,-37.020232],[-73.164488,-37.020243],[-73.164391,-37.020249],[-73.164285,-37.020249],[-73.164144,-37.020249],[-73.164017,-37.020253],[-73.163901,-37.02026],[-73.163785,-37.020271],[-73.163669,-37.020284],[-73.163553,-37.0203],[-73.16345,-37.020301],[-73.163346,-37.020292],[-73.163254,-37.020295],[-73.163171,-37.020306],[-73.163099,-37.020342],[-73.163037,-37.020411],[-73.162971,-37.020488],[-73.162855,-37.020562],[-73.162701,-37.020628],[-73.162495,-37.020708],[-73.162138,-37.020824],[-73.16201,-37.020877],[-73.161866,-37.020933],[-73.161352,-37.021121],[-73.160912,-37.021289],[-73.160787,-37.021334],[-73.160674,-37.021371],[-73.160495,-37.021425],[-73.160312,-37.021474],[-73.160126,-37.02152],[-73.159937,-37.021561],[-73.15979,-37.02159],[-73.159648,-37.021616],[-73.159511,-37.021638],[-73.159377,-37.021657],[-73.159251,-37.021672],[-73.159122,-37.021684],[-73.158989,-37.021695],[-73.158854,-37.021704],[-73.158687,-37.021711],[-73.158375,-37.021716],[-73.158063,-37.021725],[-73.157899,-37.021726],[-73.157798,-37.021723],[-73.157693,-37.021718],[-73.15747,-37.021702],[-73.157262,-37.021681],[-73.157028,-37.02165],[-73.15681,-37.021616],[-73.156767,-37.02156],[-73.156713,-37.021512],[-73.156656,-37.021465],[-73.15658,-37.02141],[-73.156525,-37.021381],[-73.156468,-37.021364],[-73.156414,-37.021356],[-73.156346,-37.021356],[-73.156268,-37.021366],[-73.15618,-37.02139],[-73.156106,-37.021404],[-73.156034,-37.021404],[-73.155952,-37.021389],[-73.155872,-37.021362],[-73.155813,-37.021337],[-73.155752,-37.021303],[-73.155712,-37.021275],[-73.155677,-37.021247],[-73.155646,-37.02122],[-73.155619,-37.021194],[-73.155588,-37.02116],[-73.155563,-37.02113],[-73.155543,-37.021102],[-73.155542,-37.021099],[-73.155528,-37.021075],[-73.155516,-37.021045],[-73.155506,-37.021011],[-73.155499,-37.020973],[-73.155492,-37.020917],[-73.155489,-37.020876],[-73.155488,-37.020831],[-73.15549,-37.020783],[-73.155495,-37.020727],[-73.155507,-37.020642],[-73.155528,-37.020546],[-73.155551,-37.020469],[-73.155597,-37.020337],[-73.155656,-37.020169],[-73.155702,-37.020051],[-73.155774,-37.019886],[-73.155809,-37.019814],[-73.155845,-37.019747],[-73.155899,-37.01965],[-73.155959,-37.019555],[-73.156023,-37.01946],[-73.156092,-37.019366],[-73.156186,-37.019247],[-73.156282,-37.019137],[-73.156347,-37.01907],[-73.15642,-37.018999],[-73.156504,-37.018922],[-73.156521,-37.018907],[-73.156615,-37.018823],[-73.1567,-37.018751],[-73.156798,-37.018673],[-73.157148,-37.018405],[-73.157643,-37.018024],[-73.158291,-37.017529],[-73.158665,-37.017241],[-73.158881,-37.017072],[-73.158938,-37.017025],[-73.159059,-37.016927],[-73.159471,-37.016587],[-73.160128,-37.016054],[-73.160467,-37.015778],[-73.160651,-37.015625],[-73.160959,-37.015358],[-73.16107,-37.015264],[-73.161237,-37.015126],[-73.161331,-37.01505],[-73.161422,-37.014981],[-73.161508,-37.014921],[-73.161645,-37.01483],[-73.161701,-37.014796],[-73.161752,-37.014764],[-73.161851,-37.014709],[-73.161945,-37.014664],[-73.162057,-37.014619],[-73.16218,-37.014578],[-73.162316,-37.014539],[-73.162469,-37.014502],[-73.162575,-37.014481],[-73.162692,-37.014462],[-73.162823,-37.014445],[-73.162992,-37.014426],[-73.163075,-37.014419],[-73.16328,-37.014408],[-73.163336,-37.014403],[-73.163386,-37.014397],[-73.163522,-37.014374],[-73.163568,-37.014365],[-73.163638,-37.01435],[-73.163741,-37.014323],[-73.163833,-37.014292],[-73.163917,-37.014256],[-73.164002,-37.014213],[-73.164091,-37.014162],[-73.164185,-37.014102],[-73.164295,-37.014026],[-73.164371,-37.013967],[-73.164403,-37.013938],[-73.164432,-37.01391],[-73.164458,-37.013882],[-73.16448,-37.013854],[-73.164516,-37.0138],[-73.164547,-37.013742],[-73.164574,-37.01368],[-73.164594,-37.013616],[-73.164601,-37.013588],[-73.164605,-37.013558],[-73.164607,-37.013491],[-73.164603,-37.013428],[-73.164588,-37.013286],[-73.164585,-37.013226],[-73.164579,-37.012974],[-73.164581,-37.012901],[-73.164585,-37.012836],[-73.164601,-37.012694],[-73.164621,-37.012574],[-73.164647,-37.012467],[-73.164663,-37.012417],[-73.16468,-37.012369],[-73.164726,-37.012254],[-73.16476,-37.01218],[-73.164779,-37.012147],[-73.164799,-37.012117],[-73.16482,-37.01209],[-73.164842,-37.012065],[-73.164869,-37.012038],[-73.164899,-37.012011],[-73.164932,-37.011986],[-73.164965,-37.011961],[-73.165,-37.011939],[-73.165036,-37.011919],[-73.165072,-37.0119],[-73.165108,-37.011884],[-73.165182,-37.011857],[-73.165256,-37.011836],[-73.165327,-37.011823],[-73.165361,-37.011819],[-73.165394,-37.011817],[-73.165432,-37.011818],[-73.165471,-37.011821],[-73.165513,-37.011826],[-73.165556,-37.011835],[-73.1656,-37.011846],[-73.165645,-37.011859],[-73.165691,-37.011875],[-73.165736,-37.011893],[-73.165791,-37.011919],[-73.165845,-37.01195],[-73.1659,-37.011986],[-73.165955,-37.012027],[-73.165978,-37.012046],[-73.166001,-37.01207],[-73.16609,-37.012176],[-73.166113,-37.012199],[-73.166136,-37.012217],[-73.166185,-37.012248],[-73.166245,-37.012278],[-73.166313,-37.012306],[-73.166431,-37.01235],[-73.166549,-37.012394],[-73.166634,-37.012421],[-73.166712,-37.012442],[-73.166783,-37.012455],[-73.166873,-37.012464],[-73.166966,-37.012467],[-73.167057,-37.012464],[-73.167145,-37.012455],[-73.167199,-37.012446],[-73.167255,-37.012433],[-73.167311,-37.012417],[-73.167368,-37.012398],[-73.167425,-37.012376],[-73.167446,-37.012366],[-73.167482,-37.012351],[-73.167538,-37.012323],[-73.167592,-37.012293],[-73.167659,-37.012251],[-73.167726,-37.012201],[-73.167795,-37.012143],[-73.167868,-37.012074],[-73.16795,-37.011993],[-73.168005,-37.01193],[-73.168047,-37.011872],[-73.168064,-37.011845],[-73.168078,-37.011817],[-73.16809,-37.011788],[-73.1681,-37.011757],[-73.168108,-37.011723],[-73.168115,-37.011687],[-73.168123,-37.011607],[-73.168125,-37.011503],[-73.168123,-37.011434],[-73.168114,-37.011358],[-73.1681,-37.011276],[-73.168078,-37.01118],[-73.168062,-37.011126],[-73.168017,-37.011002],[-73.168002,-37.010942],[-73.167993,-37.010868],[-73.167991,-37.010786],[-73.167996,-37.010698],[-73.168011,-37.010542],[-73.168025,-37.010409],[-73.168039,-37.010307],[-73.168056,-37.010216],[-73.168078,-37.010133],[-73.168114,-37.01],[-73.168136,-37.009935],[-73.16815,-37.009904],[-73.168166,-37.009876],[-73.168183,-37.009851],[-73.168202,-37.009828],[-73.168244,-37.009788],[-73.168298,-37.009748],[-73.16836,-37.009711],[-73.16843,-37.009676],[-73.168479,-37.009657],[-73.168537,-37.009641],[-73.168594,-37.009629],[-73.168729,-37.009604],[-73.168792,-37.00959],[-73.168978,-37.009546],[-73.169048,-37.009527],[-73.169121,-37.009503],[-73.169182,-37.009476],[-73.169271,-37.009428],[-73.169335,-37.009387],[-73.169362,-37.009367],[-73.169385,-37.009346],[-73.169404,-37.009325],[-73.16942,-37.009305],[-73.169441,-37.009268],[-73.169458,-37.009226],[-73.16947,-37.00918],[-73.169477,-37.009133],[-73.169477,-37.009109],[-73.169472,-37.009082],[-73.169463,-37.009051],[-73.169427,-37.008954],[-73.169421,-37.008923],[-73.16942,-37.008895],[-73.169426,-37.008837],[-73.169435,-37.008794],[-73.169449,-37.00876],[-73.169458,-37.008746],[-73.169467,-37.008734],[-73.169482,-37.008721],[-73.169501,-37.008709],[-73.169523,-37.008699],[-73.16955,-37.00869],[-73.169612,-37.008675],[-73.169724,-37.008657],[-73.169793,-37.008648],[-73.169869,-37.008644],[-73.169952,-37.008644],[-73.170048,-37.008648],[-73.170098,-37.008653],[-73.170152,-37.008663],[-73.170204,-37.008676],[-73.170327,-37.008709],[-73.170387,-37.008723],[-73.170444,-37.008731],[-73.170495,-37.008734],[-73.170542,-37.008732],[-73.17059,-37.008729],[-73.170638,-37.008723],[-73.170687,-37.008716],[-73.170736,-37.008706],[-73.170784,-37.008695],[-73.170831,-37.008682],[-73.170876,-37.008667],[-73.17094,-37.008641],[-73.171007,-37.008608],[-73.171077,-37.008567],[-73.17119,-37.008496],[-73.171272,-37.008442],[-73.171355,-37.008383],[-73.171438,-37.008318],[-73.171523,-37.008248],[-73.171612,-37.008171],[-73.171681,-37.008107],[-73.17174,-37.008048],[-73.17179,-37.007991],[-73.171858,-37.007906],[-73.17191,-37.007831],[-73.17195,-37.007762],[-73.17198,-37.007696],[-73.171993,-37.00766],[-73.172003,-37.007623],[-73.172012,-37.007583],[-73.172018,-37.00754],[-73.172026,-37.007447],[-73.172028,-37.007334],[-73.172025,-37.007265],[-73.17202,-37.007199],[-73.172011,-37.007137],[-73.171999,-37.007077],[-73.17198,-37.006999],[-73.171964,-37.006946],[-73.171945,-37.006899],[-73.171923,-37.006858],[-73.171922,-37.006857],[-73.171892,-37.006815],[-73.171851,-37.00677],[-73.1718,-37.006723],[-73.171733,-37.006668],[-73.171662,-37.006617],[-73.171561,-37.006554],[-73.171511,-37.006525],[-73.171389,-37.006463],[-73.171333,-37.00643],[-73.171278,-37.006392],[-73.171224,-37.00635],[-73.171172,-37.006305],[-73.171124,-37.006259],[-73.171084,-37.006217],[-73.171045,-37.006171],[-73.171005,-37.006119],[-73.170962,-37.006059],[-73.170928,-37.006008],[-73.170927,-37.006006],[-73.170895,-37.005954],[-73.170862,-37.005895],[-73.170828,-37.005831],[-73.170794,-37.005759],[-73.170766,-37.005696],[-73.170743,-37.005638],[-73.170724,-37.005583],[-73.170699,-37.005489],[-73.170676,-37.005364],[-73.170663,-37.005267],[-73.170648,-37.005098],[-73.17063,-37.004897],[-73.170619,-37.004746],[-73.17061,-37.004403],[-73.170603,-37.004237],[-73.170598,-37.004189],[-73.170591,-37.004146],[-73.170576,-37.004076],[-73.170565,-37.004034],[-73.17055,-37.003997],[-73.170533,-37.003965],[-73.170532,-37.003964],[-73.170512,-37.003936],[-73.170485,-37.003907],[-73.170451,-37.003875],[-73.1704,-37.003832],[-73.170362,-37.003802],[-73.170267,-37.003737],[-73.170202,-37.003687],[-73.170048,-37.003565],[-73.16991,-37.003463],[-73.169848,-37.003413],[-73.169776,-37.003349],[-73.169735,-37.003308],[-73.169701,-37.003269],[-73.169677,-37.003232],[-73.169677,-37.003232],[-73.169664,-37.003207],[-73.169654,-37.003179],[-73.169645,-37.00315],[-73.169638,-37.003118],[-73.16963,-37.00305],[-73.169629,-37.002975],[-73.169635,-37.002911],[-73.169647,-37.002851],[-73.169664,-37.002796],[-73.169686,-37.002747],[-73.169699,-37.002725],[-73.169715,-37.002704],[-73.169756,-37.002658],[-73.169803,-37.002615],[-73.169905,-37.002528],[-73.169965,-37.002477],[-73.17002,-37.002432],[-73.170073,-37.002392],[-73.170124,-37.002357],[-73.170208,-37.002303],[-73.170287,-37.002257],[-73.170364,-37.002218],[-73.170438,-37.002185],[-73.170513,-37.002157],[-73.170586,-37.002133],[-73.170656,-37.002114],[-73.170724,-37.0021],[-73.170784,-37.002091],[-73.170852,-37.002086],[-73.171095,-37.002081],[-73.171292,-37.002075],[-73.171533,-37.002071],[-73.172009,-37.002071],[-73.172361,-37.002071],[-73.172467,-37.002074],[-73.172733,-37.002086],[-73.172856,-37.00209],[-73.173046,-37.002092],[-73.173246,-37.00209],[-73.173451,-37.002087],[-73.173579,-37.002081],[-73.173711,-37.002072],[-73.173781,-37.002065],[-73.173846,-37.002055],[-73.173903,-37.002042],[-73.173963,-37.002024],[-73.174022,-37.002001],[-73.174079,-37.001976],[-73.174131,-37.001947],[-73.174172,-37.001922],[-73.174211,-37.001894],[-73.174248,-37.001864],[-73.174283,-37.001833],[-73.174311,-37.001804],[-73.17434,-37.00177],[-73.174417,-37.001662],[-73.174471,-37.00158],[-73.174559,-37.001433],[-73.174637,-37.001301],[-73.174674,-37.001243],[-73.174745,-37.001138],[-73.174771,-37.001104],[-73.174797,-37.001075],[-73.174837,-37.001036],[-73.174877,-37.001002],[-73.174917,-37.000971],[-73.174958,-37.000944],[-73.175002,-37.00092],[-73.175049,-37.000897],[-73.175098,-37.000878],[-73.175148,-37.000861],[-73.175188,-37.000851],[-73.175233,-37.000842],[-73.17535,-37.000825],[-73.175441,-37.000818],[-73.175558,-37.000813],[-73.175623,-37.000814],[-73.175768,-37.00082],[-73.175832,-37.000819],[-73.175918,-37.000816],[-73.175979,-37.000811],[-73.176034,-37.000805],[-73.176082,-37.000796],[-73.176157,-37.000777],[-73.176222,-37.000756],[-73.176278,-37.000733],[-73.176326,-37.000706],[-73.176364,-37.000678],[-73.176427,-37.000623],[-73.176506,-37.000546],[-73.176527,-37.00053],[-73.176546,-37.000516],[-73.17658,-37.000497],[-73.176622,-37.000479],[-73.176669,-37.000463],[-73.176748,-37.000439],[-73.176844,-37.000411],[-73.176881,-37.000403],[-73.176915,-37.000397],[-73.176955,-37.000392],[-73.176996,-37.00039],[-73.177038,-37.000389],[-73.17708,-37.00039],[-73.177142,-37.000407],[-73.177202,-37.000427],[-73.17726,-37.00045],[-73.177316,-37.000476],[-73.177367,-37.000504],[-73.177416,-37.000535],[-73.177463,-37.000568],[-73.177508,-37.000605],[-73.177553,-37.000651],[-73.1776,-37.000695],[-73.177649,-37.000737],[-73.1777,-37.000778],[-73.177793,-37.000846],[-73.177827,-37.000868],[-73.177861,-37.000885],[-73.177926,-37.000911],[-73.177997,-37.000932],[-73.178042,-37.000942],[-73.178087,-37.000949],[-73.178132,-37.000954],[-73.178176,-37.000956],[-73.178218,-37.000956],[-73.178262,-37.000953],[-73.178309,-37.000947],[-73.17836,-37.000938],[-73.178405,-37.000929],[-73.178453,-37.000916],[-73.178504,-37.0009],[-73.178563,-37.000879],[-73.17864,-37.000846],[-73.178789,-37.000772],[-73.178872,-37.000731],[-73.178914,-37.000712],[-73.178998,-37.000681],[-73.179086,-37.000655],[-73.179364,-37.000669],[-73.1796,-37.000682],[-73.179671,-37.000689],[-73.179735,-37.000697],[-73.17982,-37.000711],[-73.179897,-37.000726],[-73.179969,-37.000743],[-73.180035,-37.000762],[-73.180109,-37.000786],[-73.180184,-37.000814],[-73.180259,-37.000847],[-73.180335,-37.000883],[-73.180402,-37.000919],[-73.180467,-37.000957],[-73.180531,-37.000997],[-73.180592,-37.00104],[-73.180659,-37.001114],[-73.180724,-37.001189],[-73.180787,-37.001265],[-73.180847,-37.001343],[-73.18085,-37.001348],[-73.180916,-37.001436],[-73.180965,-37.001509],[-73.180966,-37.001509],[-73.181014,-37.001589],[-73.181075,-37.001701],[-73.181138,-37.001821],[-73.181185,-37.00192],[-73.181218,-37.002001],[-73.18127,-37.002139],[-73.181361,-37.002386],[-73.181408,-37.002523],[-73.181437,-37.002591],[-73.181464,-37.002642],[-73.181488,-37.002684],[-73.181489,-37.002685],[-73.181515,-37.002723],[-73.181542,-37.002757],[-73.181575,-37.002796],[-73.181606,-37.002827],[-73.181636,-37.002854],[-73.181665,-37.002876],[-73.181703,-37.0029],[-73.181739,-37.00292],[-73.181774,-37.002936],[-73.181808,-37.002948],[-73.181847,-37.002957],[-73.18189,-37.002964],[-73.181936,-37.002967],[-73.181984,-37.002967],[-73.182046,-37.002962],[-73.182098,-37.002953],[-73.182132,-37.002943],[-73.182162,-37.002932],[-73.182189,-37.002919],[-73.182213,-37.002905],[-73.182232,-37.00289],[-73.18225,-37.002872],[-73.182269,-37.002851],[-73.182289,-37.002824],[-73.182303,-37.002802],[-73.182316,-37.002777],[-73.182341,-37.002715],[-73.182356,-37.002662],[-73.18237,-37.002586],[-73.182384,-37.002429],[-73.182395,-37.00236],[-73.182403,-37.002319],[-73.182414,-37.002281],[-73.182427,-37.002248],[-73.182446,-37.002213],[-73.18247,-37.002176],[-73.182501,-37.002137],[-73.182541,-37.002091],[-73.182578,-37.002053],[-73.182617,-37.002016],[-73.182659,-37.001981],[-73.182703,-37.001948],[-73.18277,-37.001905],[-73.182865,-37.001853],[-73.182955,-37.001809],[-73.183069,-37.001758],[-73.183184,-37.001711],[-73.183264,-37.001682],[-73.183352,-37.001658],[-73.183464,-37.001634],[-73.183549,-37.00162],[-73.183645,-37.001606],[-73.183732,-37.001596],[-73.183835,-37.001587],[-73.183988,-37.001577],[-73.184146,-37.001572],[-73.184211,-37.001568],[-73.184308,-37.001556],[-73.184468,-37.00153],[-73.184687,-37.001492],[-73.184803,-37.001474],[-73.184873,-37.001468],[-73.184922,-37.001467],[-73.184971,-37.001468],[-73.18502,-37.001472],[-73.185068,-37.001477],[-73.185128,-37.001486],[-73.185169,-37.001494],[-73.185204,-37.001504],[-73.185235,-37.001515],[-73.185263,-37.00153],[-73.185291,-37.001549],[-73.185321,-37.001572],[-73.185354,-37.001601],[-73.185378,-37.001626],[-73.185401,-37.001652],[-73.185422,-37.001679],[-73.185438,-37.001704],[-73.185439,-37.001706],[-73.185454,-37.001733],[-73.185467,-37.001765],[-73.185492,-37.001849],[-73.185505,-37.001917],[-73.185515,-37.00201],[-73.18552,-37.002097],[-73.18552,-37.002191],[-73.185516,-37.002271],[-73.185506,-37.002367],[-73.185494,-37.002453],[-73.185477,-37.002553],[-73.185444,-37.002715],[-73.185432,-37.002777],[-73.185427,-37.00284],[-73.185428,-37.002885],[-73.185428,-37.002898],[-73.185436,-37.002959],[-73.185444,-37.003001],[-73.185444,-37.003003],[-73.185454,-37.003042],[-73.185466,-37.003076],[-73.185479,-37.003108],[-73.185501,-37.003145],[-73.185501,-37.003145],[-73.185529,-37.003184],[-73.185564,-37.003226],[-73.18561,-37.003274],[-73.18564,-37.003302],[-73.185676,-37.003332],[-73.185825,-37.003441],[-73.186051,-37.003619],[-73.186195,-37.003739],[-73.186289,-37.003822],[-73.186364,-37.003894],[-73.186422,-37.003953],[-73.186472,-37.004007],[-73.186515,-37.00406],[-73.186564,-37.004124],[-73.186593,-37.004164],[-73.186616,-37.004202],[-73.186617,-37.004202],[-73.186634,-37.004238],[-73.186649,-37.004282],[-73.18666,-37.004331],[-73.186667,-37.004383],[-73.186669,-37.00444],[-73.186669,-37.004499],[-73.186665,-37.004544],[-73.186657,-37.004584],[-73.186645,-37.004619],[-73.186626,-37.004657],[-73.186601,-37.004695],[-73.186571,-37.00473],[-73.186538,-37.004761],[-73.18651,-37.004782],[-73.186474,-37.004803],[-73.186324,-37.004869],[-73.186132,-37.004961],[-73.186039,-37.005011],[-73.185955,-37.005063],[-73.18588,-37.005113],[-73.185813,-37.005163],[-73.185753,-37.005214],[-73.185698,-37.005265],[-73.18565,-37.005313],[-73.18561,-37.005359],[-73.185575,-37.005404],[-73.185546,-37.005448],[-73.185519,-37.005499],[-73.185493,-37.005553],[-73.185449,-37.005656],[-73.18539,-37.0058],[-73.185364,-37.005871],[-73.185341,-37.005942],[-73.185309,-37.006059],[-73.185277,-37.006199],[-73.185267,-37.006255],[-73.185247,-37.006386],[-73.185234,-37.006449],[-73.185217,-37.006518],[-73.185198,-37.006584],[-73.185178,-37.006646],[-73.185156,-37.006705],[-73.185107,-37.006825],[-73.185085,-37.006868],[-73.185063,-37.006905],[-73.185039,-37.00694],[-73.185011,-37.006976],[-73.184927,-37.00707],[-73.184845,-37.007153],[-73.184749,-37.007241],[-73.184659,-37.007315],[-73.184558,-37.007392],[-73.184459,-37.007464],[-73.18439,-37.007506],[-73.184325,-37.00754],[-73.184255,-37.00757],[-73.184163,-37.007604],[-73.184121,-37.007617],[-73.18408,-37.007627],[-73.184034,-37.007637],[-73.183987,-37.007645],[-73.18394,-37.007651],[-73.183892,-37.007655],[-73.183836,-37.007663],[-73.18378,-37.007674],[-73.183725,-37.007686],[-73.183671,-37.0077],[-73.183582,-37.007727],[-73.183505,-37.007756],[-73.183461,-37.007776],[-73.183417,-37.007798],[-73.183373,-37.007822],[-73.18333,-37.007849],[-73.183291,-37.007875],[-73.183251,-37.007905],[-73.183162,-37.007981],[-73.183087,-37.008053],[-73.183022,-37.008125],[-73.182985,-37.008172],[-73.182955,-37.008212],[-73.182931,-37.008249],[-73.182911,-37.008284],[-73.182894,-37.00832],[-73.18288,-37.008362],[-73.182846,-37.00849],[-73.182824,-37.008588],[-73.182808,-37.008679],[-73.1828,-37.008746],[-73.182791,-37.008885],[-73.182769,-37.00913],[-73.182761,-37.009293],[-73.182755,-37.009361],[-73.182738,-37.009493],[-73.182728,-37.009544],[-73.182717,-37.009589],[-73.182697,-37.009659],[-73.182677,-37.009715],[-73.182655,-37.009764],[-73.182632,-37.009808],[-73.182609,-37.009841],[-73.182581,-37.009877],[-73.182479,-37.009989],[-73.182339,-37.010139],[-73.182337,-37.010141],[-73.18225,-37.010242],[-73.182224,-37.010275],[-73.182156,-37.01036],[-73.182045,-37.010504],[-73.182043,-37.010506],[-73.182016,-37.010545],[-73.182006,-37.010559],[-73.181975,-37.010608],[-73.181939,-37.010672],[-73.181873,-37.010814],[-73.181842,-37.010874],[-73.181801,-37.010942],[-73.181756,-37.011014],[-73.181642,-37.011179],[-73.181573,-37.011281],[-73.18155,-37.011308],[-73.181528,-37.011331],[-73.181478,-37.011373],[-73.181435,-37.011402],[-73.181395,-37.011423],[-73.181376,-37.011431],[-73.181356,-37.011436],[-73.181325,-37.01144],[-73.181289,-37.011442],[-73.18125,-37.01144],[-73.181207,-37.011435],[-73.18117,-37.011428],[-73.181135,-37.011419],[-73.181103,-37.011408],[-73.181075,-37.011396],[-73.181048,-37.01138],[-73.181022,-37.01136],[-73.180994,-37.011335],[-73.18096,-37.011299],[-73.180931,-37.011263],[-73.180875,-37.011178],[-73.18082,-37.011101],[-73.180786,-37.01106],[-73.18076,-37.011035],[-73.180729,-37.011009],[-73.180623,-37.010931],[-73.180535,-37.010869],[-73.180338,-37.010741],[-73.180177,-37.010637],[-73.180135,-37.010607],[-73.1801,-37.010579],[-73.180032,-37.010518],[-73.179981,-37.010466],[-73.17994,-37.010417],[-73.17991,-37.01037],[-73.179909,-37.01037],[-73.179887,-37.010324],[-73.17987,-37.010283],[-73.179858,-37.010244],[-73.179852,-37.010208],[-73.179851,-37.010169],[-73.179854,-37.010132],[-73.179861,-37.010097],[-73.179871,-37.010065],[-73.179886,-37.010037],[-73.179906,-37.010008],[-73.179932,-37.009977],[-73.179967,-37.009941],[-73.180004,-37.009907],[-73.18004,-37.009878],[-73.180075,-37.009855],[-73.180109,-37.009837],[-73.180143,-37.009824],[-73.180183,-37.009814],[-73.180347,-37.009789],[-73.180547,-37.00975],[-73.180603,-37.009737],[-73.180652,-37.009723],[-73.180737,-37.009694],[-73.180793,-37.009673],[-73.180841,-37.009651],[-73.18088,-37.009627],[-73.180922,-37.009595],[-73.18096,-37.009558],[-73.180994,-37.009518],[-73.181023,-37.009475],[-73.181041,-37.009439],[-73.181056,-37.009398],[-73.181068,-37.00935],[-73.18108,-37.009285],[-73.181087,-37.009233],[-73.181089,-37.009175],[-73.181087,-37.009111],[-73.18108,-37.009009],[-73.181067,-37.008879],[-73.181042,-37.008723],[-73.181013,-37.008568],[-73.181,-37.008514],[-73.180985,-37.008466],[-73.180953,-37.00838],[-73.180922,-37.008308],[-73.180889,-37.008245],[-73.180888,-37.008244],[-73.180852,-37.00819],[-73.180819,-37.008149],[-73.180784,-37.008109],[-73.180747,-37.008072],[-73.180709,-37.008038],[-73.180665,-37.008002],[-73.180627,-37.007975],[-73.180591,-37.007952],[-73.180557,-37.007933],[-73.180509,-37.007914],[-73.180453,-37.007897],[-73.180389,-37.007882],[-73.180309,-37.007869],[-73.180224,-37.007857],[-73.180156,-37.007852],[-73.180096,-37.007852],[-73.180043,-37.007857],[-73.179979,-37.007869],[-73.179924,-37.007885],[-73.179878,-37.007903],[-73.179843,-37.007924],[-73.179828,-37.007936],[-73.179814,-37.007951],[-73.179801,-37.007968],[-73.179789,-37.007988],[-73.179768,-37.008033],[-73.179738,-37.008114],[-73.179728,-37.008144],[-73.17972,-37.008177],[-73.179701,-37.008302],[-73.179691,-37.008352],[-73.179665,-37.00844],[-73.179638,-37.008518],[-73.179608,-37.00859],[-73.179576,-37.008657],[-73.179546,-37.008711],[-73.179508,-37.00877],[-73.179464,-37.008834],[-73.179405,-37.008913],[-73.179364,-37.008965],[-73.179316,-37.009021],[-73.17912,-37.009237],[-73.178949,-37.009438],[-73.178863,-37.009532],[-73.178803,-37.009591],[-73.17874,-37.009652],[-73.178596,-37.00978],[-73.178502,-37.00986],[-73.178424,-37.009923],[-73.178351,-37.009978],[-73.178282,-37.010027],[-73.178198,-37.010084],[-73.178133,-37.010125],[-73.178073,-37.01016],[-73.178015,-37.010189],[-73.177945,-37.010221],[-73.177875,-37.01025],[-73.177806,-37.010274],[-73.177739,-37.010294],[-73.177646,-37.010318],[-73.177582,-37.010332],[-73.177525,-37.01034],[-73.177473,-37.010341],[-73.177417,-37.010337],[-73.177361,-37.010328],[-73.177309,-37.010315],[-73.177262,-37.010299],[-73.177217,-37.010278],[-73.177174,-37.010252],[-73.177135,-37.010222],[-73.1771,-37.010189],[-73.177075,-37.010158],[-73.177074,-37.010157],[-73.177052,-37.01012],[-73.177034,-37.010079],[-73.177,-37.009989],[-73.176966,-37.009898],[-73.176933,-37.00979],[-73.176912,-37.009706],[-73.17689,-37.009599],[-73.176871,-37.009488],[-73.176852,-37.009352],[-73.176835,-37.009181],[-73.176816,-37.008913],[-73.176797,-37.00858],[-73.176781,-37.008348],[-73.176773,-37.008236],[-73.176768,-37.008204],[-73.176762,-37.008176],[-73.176743,-37.008111],[-73.176727,-37.008069],[-73.176707,-37.008035],[-73.176707,-37.008035],[-73.176696,-37.008021],[-73.176683,-37.008009],[-73.176649,-37.007985],[-73.176612,-37.007964],[-73.176575,-37.00795],[-73.17654,-37.007943],[-73.176521,-37.007942],[-73.176501,-37.007943],[-73.176457,-37.00795],[-73.176414,-37.007963],[-73.176378,-37.007981],[-73.176365,-37.00799],[-73.176353,-37.008002],[-73.176331,-37.008033],[-73.176313,-37.008073],[-73.176293,-37.008133],[-73.176283,-37.008174],[-73.176278,-37.008221],[-73.176278,-37.008274],[-73.176283,-37.008342],[-73.17629,-37.008386],[-73.176303,-37.008435],[-73.176359,-37.008591],[-73.176376,-37.008647],[-73.176398,-37.008737],[-73.176438,-37.008923],[-73.176492,-37.009149],[-73.176514,-37.009257],[-73.176536,-37.009379],[-73.176554,-37.009503],[-73.176569,-37.009627],[-73.176581,-37.009752],[-73.176597,-37.00994],[-73.176598,-37.009999],[-73.176595,-37.010051],[-73.176587,-37.01012],[-73.176575,-37.010181],[-73.176561,-37.010238],[-73.176543,-37.010289],[-73.176514,-37.010355],[-73.176484,-37.010413],[-73.176451,-37.010464],[-73.176415,-37.010508],[-73.176381,-37.010542],[-73.176342,-37.010576],[-73.176296,-37.01061],[-73.176243,-37.010646],[-73.176183,-37.010683],[-73.17612,-37.010716],[-73.176056,-37.010745],[-73.175991,-37.01077],[-73.175934,-37.010788],[-73.17587,-37.010803],[-73.175798,-37.010818],[-73.17571,-37.010832],[-73.175629,-37.01084],[-73.175432,-37.010847],[-73.175385,-37.010851],[-73.175344,-37.010856],[-73.17524,-37.010869],[-73.175187,-37.010878],[-73.175138,-37.010889],[-73.175096,-37.010903],[-73.175061,-37.010919],[-73.175025,-37.010938],[-73.174988,-37.010962],[-73.174949,-37.010989],[-73.1749,-37.011029],[-73.174839,-37.011089],[-73.174803,-37.011128],[-73.174765,-37.011172],[-73.174678,-37.011289],[-73.174605,-37.011395],[-73.174535,-37.011512],[-73.174482,-37.011612],[-73.174416,-37.01175],[-73.174359,-37.011871],[-73.17433,-37.011945],[-73.174309,-37.01201],[-73.174297,-37.01205],[-73.17429,-37.012088],[-73.174287,-37.012121],[-73.174287,-37.012166],[-73.174289,-37.012194],[-73.174294,-37.012219],[-73.174303,-37.012238],[-73.174304,-37.012239],[-73.17432,-37.012261],[-73.174341,-37.012283],[-73.174366,-37.012302],[-73.174393,-37.012317],[-73.174415,-37.012325],[-73.174439,-37.012332],[-73.174464,-37.012338],[-73.174488,-37.01234],[-73.174512,-37.01234],[-73.174539,-37.012336],[-73.174631,-37.012311],[-73.174797,-37.012263],[-73.174907,-37.012239],[-73.175017,-37.012221],[-73.175126,-37.012209],[-73.175214,-37.012203],[-73.175264,-37.012204],[-73.175316,-37.012206],[-73.175369,-37.01221],[-73.175422,-37.012215],[-73.175513,-37.012229],[-73.175582,-37.012245],[-73.175635,-37.012261],[-73.175673,-37.012274],[-73.175705,-37.012289],[-73.175731,-37.012305],[-73.175757,-37.012325],[-73.175782,-37.012348],[-73.175803,-37.012374],[-73.175817,-37.012395],[-73.17582,-37.0124],[-73.175832,-37.012427],[-73.175839,-37.012459],[-73.175841,-37.012488],[-73.175844,-37.012578],[-73.175853,-37.01268],[-73.175856,-37.012757],[-73.175854,-37.01281],[-73.175844,-37.012953],[-73.175842,-37.01308],[-73.175844,-37.013173],[-73.175852,-37.013261],[-73.175862,-37.013334],[-73.175876,-37.013406],[-73.175891,-37.013466],[-73.175908,-37.013518],[-73.175927,-37.013566],[-73.175947,-37.013603],[-73.175968,-37.013639],[-73.17597,-37.013643],[-73.176041,-37.013744],[-73.176108,-37.013832],[-73.176177,-37.013911],[-73.17626,-37.013993],[-73.176302,-37.014031],[-73.176344,-37.014065],[-73.176387,-37.014097],[-73.17649,-37.014165],[-73.176534,-37.014196],[-73.176622,-37.014267],[-73.176695,-37.014333],[-73.176773,-37.014412],[-73.176799,-37.014442],[-73.17682,-37.01447],[-73.176837,-37.014497],[-73.176837,-37.014497],[-73.176837,-37.014497],[-73.17684,-37.014502],[-73.176858,-37.014535],[-73.176873,-37.014568],[-73.176885,-37.014601],[-73.176899,-37.014657],[-73.176909,-37.014738],[-73.176912,-37.014778],[-73.176913,-37.014823],[-73.176909,-37.014952],[-73.176903,-37.015055],[-73.176891,-37.015172],[-73.176879,-37.015276],[-73.176867,-37.015344],[-73.176848,-37.015434],[-73.176838,-37.015464],[-73.176827,-37.015491],[-73.176802,-37.015537],[-73.176755,-37.015604],[-73.176696,-37.015683],[-73.176647,-37.015739],[-73.176615,-37.015768],[-73.176547,-37.015825],[-73.176439,-37.01592],[-73.17639,-37.015963],[-73.176379,-37.015976],[-73.176371,-37.015988],[-73.176365,-37.016001],[-73.176362,-37.016017],[-73.176357,-37.016065],[-73.176356,-37.016096],[-73.176357,-37.016124],[-73.176363,-37.016172],[-73.176368,-37.016188],[-73.176373,-37.016197],[-73.176375,-37.016201],[-73.176395,-37.01622],[-73.176434,-37.016246],[-73.17649,-37.016278],[-73.176516,-37.01629],[-73.176543,-37.0163],[-73.176573,-37.016308],[-73.176608,-37.016314],[-73.176728,-37.016323],[-73.176812,-37.016328],[-73.176918,-37.016332],[-73.17706,-37.01633],[-73.177117,-37.016332],[-73.17721,-37.016342],[-73.177298,-37.016359],[-73.177373,-37.016379],[-73.177433,-37.016399],[-73.177471,-37.016416],[-73.177504,-37.016432],[-73.177534,-37.01645],[-73.17756,-37.016467],[-73.177596,-37.016498],[-73.177632,-37.016535],[-73.177665,-37.016576],[-73.177688,-37.016612],[-73.177691,-37.016617],[-73.177703,-37.016641],[-73.177714,-37.016668],[-73.177736,-37.016743],[-73.177751,-37.016805],[-73.177759,-37.016861],[-73.17776,-37.01691],[-73.177754,-37.017019],[-73.177754,-37.017154],[-73.177751,-37.017263],[-73.177754,-37.017317],[-73.177766,-37.017378],[-73.177781,-37.017426],[-73.177799,-37.017461],[-73.177799,-37.017461],[-73.17784,-37.017525],[-73.177917,-37.017647],[-73.177998,-37.017765],[-73.178065,-37.017862],[-73.178066,-37.017864],[-73.178111,-37.017941],[-73.178137,-37.017996],[-73.178161,-37.018059],[-73.178179,-37.018112],[-73.17819,-37.018156],[-73.178197,-37.018199],[-73.178204,-37.01828],[-73.178217,-37.018418],[-73.178207,-37.018517],[-73.178188,-37.018615],[-73.178174,-37.018672],[-73.17816,-37.018719],[-73.178144,-37.018762],[-73.178128,-37.018801],[-73.178093,-37.018865],[-73.178045,-37.018936],[-73.178007,-37.018988],[-73.177963,-37.01904],[-73.177917,-37.019089],[-73.177838,-37.019165],[-73.17771,-37.019281],[-73.177667,-37.019322],[-73.177613,-37.019378],[-73.17756,-37.019436],[-73.177508,-37.019497],[-73.177463,-37.019562],[-73.177426,-37.019627],[-73.177397,-37.01969],[-73.177378,-37.019745],[-73.177377,-37.019752],[-73.177359,-37.019823],[-73.177349,-37.019869],[-73.177342,-37.0199],[-73.177341,-37.01991],[-73.177335,-37.019952],[-73.177335,-37.020002],[-73.177337,-37.02004],[-73.17734,-37.020071],[-73.177348,-37.020149],[-73.177359,-37.020199],[-73.177369,-37.020229],[-73.177382,-37.020259],[-73.177398,-37.020289],[-73.177413,-37.020313],[-73.177416,-37.020318],[-73.177446,-37.020361],[-73.177473,-37.020392],[-73.177506,-37.020418],[-73.177563,-37.020456],[-73.177673,-37.020523],[-73.177815,-37.020605],[-73.177889,-37.020652],[-73.177941,-37.020689],[-73.178009,-37.020743],[-73.178059,-37.020791],[-73.178092,-37.02083],[-73.17813,-37.020882],[-73.178168,-37.020938],[-73.17817,-37.020942],[-73.178202,-37.020996],[-73.178231,-37.02106],[-73.178259,-37.021139],[-73.178275,-37.021196],[-73.178297,-37.021296],[-73.178318,-37.021391],[-73.17833,-37.021453],[-73.178345,-37.021563],[-73.178354,-37.021681],[-73.178356,-37.021786],[-73.178354,-37.021895],[-73.178348,-37.021983],[-73.17834,-37.022067],[-73.178328,-37.022142],[-73.178306,-37.022262],[-73.178263,-37.022476],[-73.178211,-37.02269],[-73.178182,-37.022827],[-73.178144,-37.022952],[-73.178105,-37.023032],[-73.178028,-37.023133],[-73.17795,-37.023193],[-73.177879,-37.02324],[-73.177813,-37.023294],[-73.177769,-37.023351],[-73.177748,-37.023407],[-73.177745,-37.023475],[-73.177768,-37.023517],[-73.177772,-37.023523],[-73.177825,-37.023565],[-73.177929,-37.023624],[-73.17801,-37.023699],[-73.178057,-37.02377],[-73.17806,-37.023776],[-73.178108,-37.02388],[-73.178147,-37.024023],[-73.178176,-37.024157],[-73.178204,-37.024285],[-73.178226,-37.024424],[-73.178247,-37.024606],[-73.178247,-37.024738],[-73.178233,-37.02487],[-73.178184,-37.025014],[-73.178069,-37.025114],[-73.177903,-37.025176],[-73.17775,-37.025204],[-73.177636,-37.025204],[-73.177508,-37.025171],[-73.177375,-37.025138],[-73.177275,-37.025143],[-73.177198,-37.025166],[-73.177133,-37.025218],[-73.177115,-37.02529],[-73.17714,-37.025352],[-73.177141,-37.025357],[-73.177198,-37.025404],[-73.177336,-37.025471],[-73.177451,-37.025547],[-73.17754,-37.025646],[-73.177541,-37.025647],[-73.177603,-37.025756],[-73.177641,-37.025885],[-73.177647,-37.025999],[-73.177626,-37.026113],[-73.177593,-37.026224],[-73.177533,-37.026374],[-73.177461,-37.026495],[-73.177388,-37.026611],[-73.1773,-37.026739],[-73.177224,-37.026849],[-73.177147,-37.026972],[-73.177093,-37.027089],[-73.177047,-37.027196],[-73.177026,-37.027305],[-73.177024,-37.027404],[-73.177035,-37.027485],[-73.177052,-37.027565],[-73.177071,-37.027649],[-73.177095,-37.027727],[-73.177116,-37.027784],[-73.177164,-37.027884],[-73.177221,-37.02802],[-73.177254,-37.028098],[-73.17728,-37.028177],[-73.177294,-37.028263],[-73.177302,-37.028391],[-73.177297,-37.02847],[-73.177283,-37.028524],[-73.17724,-37.02857],[-73.177183,-37.028605],[-73.177128,-37.028624],[-73.177071,-37.028636],[-73.177016,-37.028634],[-73.176961,-37.02862],[-73.176904,-37.028593],[-73.176811,-37.028541],[-73.176744,-37.028504],[-73.176645,-37.028436],[-73.17661,-37.028388]]},"properties":{"basis":"CITSU","source":"Amenaza por Tsunami 2024 (SENAPRED)","sourceUrl":"https://services5.arcgis.com/i7S5PSnIJAUcWvSE/ArcGIS/rest/services/Amenaza_por_Tsunami_2024/FeatureServer/2","retrievedAt":"2026-10-04","license":"No explicit license published; used citing SENAPRED as the providing institution, as IDE Chile requests","verified":true}},
{"type":"Feature","id":17,"geometry":{"type":"LineString","coordinates":[[-73.179451,-37.022578],[-73.179418,-37.02257],[-73.179335,-37.022545],[-73.179246,-37.022525],[-73.179136,-37.022507],[-73.179066,-37.022501],[-73.179035,-37.022495],[-73.179015,-37.022487],[-73.178996,-37.022478],[-73.17898,-37.022467],[-73.178966,-37.022456],[-73.178954,-37.022441],[-73.178943,-37.022423],[-73.178934,-37.022402],[-73.178928,-37.022379],[-73.178926,-37.022362],[-73.178926,-37.022343],[-73.178934,-37.022296],[-73.17894,-37.022275],[-73.17895,-37.022253],[-73.178999,-37.022165],[-73.179047,-37.022061],[-73.179071,-37.021997],[-73.179085,-37.021968],[-73.179117,-37.021921],[-73.179132,-37.021903],[-73.179148,-37.021888],[-73.179167,-37.021873],[-73.179189,-37.02186],[-73.179213,-37.021848],[-73.179237,-37.021838],[-73.179261,-37.02183],[-73.179286,-37.021824],[-73.179312,-37.021819],[-73.179338,-37.021817],[-73.179364,-37.021816],[-73.179391,-37.021817],[-73.179445,-37.021826],[-73.179484,-37.021837],[-73.179532,-37.021855],[-73.179567,-37.021873],[-73.179621,-37.021903],[-73.179676,-37.021936],[-73.179722,-37.021965],[-73.179763,-37.021995],[-73.179805,-37.022028],[-73.179851,-37.022065],[-73.179877,-37.02209],[-73.179905,-37.022126],[-73.179924,-37.022159],[-73.179935,-37.02219],[-73.179942,-37.02223],[-73.179944,-37.022264],[-73.179942,-37.022305],[-73.179936,-37.02235],[-73.179927,-37.022385],[-73.179911,-37.022422],[-73.179892,-37.022453],[-73.179861,-37.022488],[-73.179844,-37.022503],[-73.179826,-37.022516],[-73.179796,-37.022532],[-73.179749,-37.022551],[-73.17969,-37.022573],[-73.179645,-37.022584],[-73.179595,-37.02259],[-73.179541,-37.02259],[-73.1795,-37.022586],[-73.179451,-37.022578]]},"properties":{"basis":"CITSU","source":"Amenaza por Tsunami 2024 (SENAPRED)","sourceUrl":"https://services5.arcgis.com/i7S5PSnIJAUcWvSE/ArcGIS/rest/services/Amenaza_por_Tsunami_2024/FeatureServer/2","retrievedAt":"2026-10-04","license":"No explicit license published; used citing SENAPRED as the providing institution, as IDE Chile requests","verified":true}}
]}
